Packet Number,Time,Battery Voltage,Altitude,Temperature,Humidity,Lux,State,alt_th
0,3299,3.567116,65501,22,47,239,0,234
1,3300,3.583726,65501,22,47,242,0,234
2,3301,3.579574,65502,22,47,241,0,234
3,3302,3.592031,65500,22,47,241,0,234
4,3303,3.558810,65501,22,47,244,0,234
5,3304,3.525589,65500,22,47,241,0,234
6,3305,3.587879,65501,22,47,244,0,234
7,3306,3.575421,65501,22,47,241,0,234
8,3308,3.492368,65501,22,47,240,0,234
9,3310,3.554658,65501,22,47,241,0,234
10,3311,3.554658,65501,22,47,238,0,234
11,3312,3.471605,65501,22,47,239,0,234
12,3313,3.554658,65501,22,47,242,0,234
13,3315,3.475758,65500,22,47,242,0,234
14,3318,3.504826,65501,22,47,243,0,234
15,3319,3.471605,65501,22,47,243,0,234
16,3320,3.471605,65502,22,47,243,0,234
17,3321,3.504826,65501,22,47,239,0,234
18,3322,3.546352,65501,22,47,243,0,234
19,3324,3.488215,65502,22,47,244,0,234
20,3325,3.508979,65530,22,47,244,1,234
21,3326,3.546352,118,22,47,235,1,234
22,3327,3.479910,222,22,47,248,1,234
23,3329,3.546352,402,22,47,252,1,234
24,3330,3.471605,472,22,47,252,1,234
25,3331,3.592031,511,22,47,245,1,234
26,3333,3.475758,550,22,47,255,1,234
27,3334,3.525589,569,22,47,247,1,234
28,3335,3.467452,579,22,47,250,1,234
29,3336,3.592031,576,22,47,246,1,234
30,3337,3.567116,558,22,47,251,1,234
31,3338,3.484063,531,22,47,250,1,234
32,3340,3.538047,509,22,47,249,1,234
33,3341,3.463300,491,22,47,249,1,234
34,3342,3.542200,452,22,47,248,1,234
35,3343,3.538047,412,22,47,243,1,234
36,3344,3.542200,410,22,47,248,1,234
37,3345,3.492368,403,22,47,246,1,234
38,3346,3.592031,393,22,47,249,1,234
39,3347,3.587879,385,22,47,244,1,234
40,3349,3.538047,377,22,47,242,1,234
41,3350,3.554658,365,22,47,244,1,234
42,3351,3.517284,356,22,47,249,1,234
43,3352,3.492368,348,22,47,252,1,234
44,3354,3.558810,331,22,47,249,1,234
45,3356,3.546352,323,22,47,247,1,234
46,3359,3.558810,294,22,47,251,1,234
47,3360,3.467452,286,22,47,248,1,234
48,3361,3.575421,276,22,47,250,1,234
49,3362,3.546352,267,22,47,245,1,234
50,3363,3.575421,257,22,47,250,1,234
51,3365,3.467452,247,22,47,252,1,234
52,3366,3.525589,239,22,47,249,1,234
53,3367,3.571268,232,22,47,252,1,234
54,3368,3.533895,221,22,47,249,1,234
55,3369,3.546352,209,22,47,250,1,234
56,3370,3.567116,200,22,47,250,1,234
57,3371,3.538047,189,22,47,251,1,234
58,3372,3.533895,180,22,47,250,1,234
59,3374,3.446689,173,22,47,735,1,234
60,3375,3.488215,120,22,47,851,1,234
61,3376,3.538047,115,22,47,850,1,234
62,3377,3.533895,110,22,45,837,1,234
63,3378,3.583726,105,22,45,856,1,234
64,3379,3.459147,97,22,44,837,1,234
65,3381,3.542200,90,22,44,858,1,234
66,3382,3.550505,89,22,43,850,1,234
67,3383,3.479910,86,22,43,858,1,234
68,3384,3.546352,74,22,42,849,1,234
69,3385,3.459147,69,22,42,855,1,234
70,3386,3.517284,70,22,41,849,1,234
71,3387,3.587879,63,22,41,836,1,234
72,3388,3.550505,56,22,40,841,1,234
73,3390,3.542200,53,22,40,852,1,234
74,3391,3.459147,47,22,40,833,1,234
75,3392,3.571268,38,22,40,854,1,234
76,3393,3.538047,33,22,39,856,1,234
77,3394,3.459147,28,22,39,851,1,234
78,3395,3.579574,20,22,39,859,1,234
79,3396,3.550505,12,22,39,828,1,234
80,3397,3.542200,10,22,39,859,1,234
81,3399,3.538047,3,22,39,848,1,234
82,3400,3.546352,65534,22,38,850,1,234
83,3401,3.488215,65527,22,38,861,1,234
84,3402,3.554658,65526,22,38,852,1,234
85,3403,3.459147,65522,22,38,861,1,234
86,3404,3.521437,65517,22,38,852,1,234
87,3406,3.533895,65511,22,38,850,1,234
88,3407,3.562963,65506,22,38,852,1,234
89,3408,3.533895,65501,22,38,849,1,234
90,3409,3.546352,65504,22,38,838,2,234
91,3410,3.554658,65506,22,38,850,2,234
92,3411,3.471605,65504,22,38,839,2,234
93,3412,3.538047,65504,22,38,857,2,234
94,3413,3.583726,65505,22,38,831,2,234
95,3415,3.484063,65504,22,38,828,2,234
96,3416,3.533895,65505,22,38,837,2,234
97,3417,3.567116,65505,22,38,853,2,234
98,3418,3.583726,65504,22,38,838,2,234
99,3419,3.517284,65506,22,38,854,2,234
100,3420,3.583726,65505,22,38,848,3,234
101,3421,3.504826,65504,22,38,848,3,234
102,3422,3.546352,65503,22,38,843,3,234
103,3423,3.583726,65503,22,38,838,3,234
104,3424,3.546352,65504,22,38,850,3,234
105,3425,3.533895,65504,21,38,848,3,234
106,3426,3.471605,65503,21,38,846,3,234
107,3427,3.475758,65503,21,38,839,3,234
108,3429,3.508979,65504,21,38,842,3,234
109,3430,3.546352,65503,21,38,829,3,234
110,3431,3.538047,65504,21,38,848,3,234
111,3432,3.463300,65503,21,38,859,3,234
112,3433,3.517284,65503,21,38,837,3,234
113,3434,3.579574,65504,21,38,828,3,234
114,3436,3.546352,65503,21,38,836,3,234
115,3437,3.533895,65504,21,38,828,3,234
116,3438,3.546352,65505,21,38,848,3,234
117,3439,3.475758,65505,21,38,848,3,234
118,3440,3.529742,65502,21,38,857,3,234
119,3441,3.529742,65503,21,38,846,3,234
120,3442,3.550505,65503,21,38,846,3,234
121,3443,3.558810,65502,21,38,847,3,234
122,3445,3.583726,65504,21,38,857,3,234
123,3446,3.467452,65504,21,39,848,3,234
124,3447,3.583726,65504,21,39,858,3,234
125,3448,3.442536,65504,21,39,829,3,234
126,3449,3.484063,65505,21,39,846,3,234
127,3450,3.542200,65503,21,39,827,3,234
128,3451,3.538047,65503,21,39,829,3,234
129,3452,3.529742,65503,21,39,834,3,234
130,3454,3.579574,65503,21,39,842,3,234
131,3455,3.500673,65504,21,39,843,3,234
132,3456,3.533895,65504,21,39,829,3,234
133,3457,3.529742,65504,21,39,846,3,234
134,3458,3.484063,65505,21,39,844,3,234
135,3459,3.450842,65503,21,39,849,3,234
136,3461,3.550505,65504,21,39,830,3,234
137,3463,3.533895,65505,21,39,849,3,234
138,3464,3.500673,65504,21,40,857,3,234
139,3465,3.454994,65504,21,40,849,3,234
140,3466,3.467452,65504,21,40,848,3,234
141,3467,3.529742,65504,21,40,845,3,234
142,3468,3.546352,65505,21,40,846,3,234
143,3470,3.529742,65504,21,40,849,3,234
144,3471,3.567116,65505,21,40,832,3,234
145,3472,3.459147,65505,21,40,847,3,234
146,3473,3.546352,65504,21,40,848,3,234
147,3474,3.533895,65504,21,40,837,3,234
148,3475,3.546352,65505,21,40,856,3,234
149,3476,3.558810,65504,21,40,846,3,234
150,3477,3.533895,65505,21,41,837,3,234
151,3479,3.496521,65505,21,41,846,3,234
152,3480,3.575421,65505,21,41,856,3,234
153,3481,3.538047,65504,21,41,845,3,234
154,3482,3.538047,65504,21,41,847,3,234
155,3483,3.575421,65503,21,41,846,3,234
156,3484,3.488215,65504,21,41,852,3,234
157,3486,3.529742,65504,21,41,846,3,234
158,3487,3.525589,65503,21,41,829,3,234
159,3488,3.562963,65503,21,41,845,3,234
160,3489,3.542200,65504,21,41,856,3,234
161,3490,3.533895,65505,21,41,844,3,234
162,3491,3.533895,65504,21,41,849,3,234
163,3492,3.529742,65504,21,41,843,3,234
164,3493,3.521437,65504,21,41,844,3,234
165,3495,3.454994,65504,21,41,851,3,234
166,3496,3.529742,65505,21,41,826,3,234
167,3497,3.475758,65505,21,41,826,3,234
168,3498,3.571268,65505,21,41,844,3,234
169,3499,3.521437,65504,21,41,833,3,234
170,3500,3.508979,65506,21,41,853,3,234
171,3501,3.554658,65506,21,41,856,3,234
172,3502,3.521437,65505,20,41,844,3,234
173,3504,3.562963,65505,20,41,841,3,234
174,3505,3.446689,65504,20,41,844,3,234
175,3506,3.475758,65505,20,41,853,3,234
176,3507,3.538047,65504,20,41,852,3,234
177,3508,3.538047,65503,20,41,848,3,234
178,3509,3.521437,65503,20,41,825,3,234
179,3511,3.521437,65504,20,41,844,3,234
180,3512,3.521437,65504,20,41,848,3,234
181,3513,3.525589,65503,20,41,838,3,234
182,3514,3.529742,65503,20,41,829,3,234
183,3515,3.546352,65504,20,41,851,3,234
184,3516,3.529742,65504,20,41,848,3,234
185,3517,3.567116,65503,20,41,853,3,234
186,3518,3.521437,65504,20,41,837,3,234
187,3520,3.442536,65504,20,41,849,3,234
188,3521,3.517284,65503,20,41,831,3,234
189,3522,3.567116,65504,20,41,844,3,234
190,3523,3.533895,65504,20,41,827,3,234
191,3524,3.475758,65504,20,41,826,3,234
192,3525,3.529742,65505,20,41,845,3,234
193,3527,3.567116,65504,20,41,837,3,234
194,3528,3.562963,65502,20,41,847,3,234
195,3529,3.479910,65502,20,41,854,3,234
196,3530,3.517284,65503,20,41,853,3,234
197,3531,3.492368,65503,20,41,856,3,234
198,3532,3.425926,65502,20,41,836,3,234
199,3533,3.554658,65504,20,41,843,3,234
200,3534,3.446689,65503,20,41,848,3,234
201,3536,3.467452,65502,20,41,846,3,234
202,3537,3.442536,65502,20,41,846,3,234
203,3538,3.554658,65504,20,41,855,3,234
204,3539,3.558810,65502,20,41,844,3,234
205,3540,3.529742,65502,20,41,844,3,234
206,3545,3.529742,65503,20,41,843,3,234
207,3546,3.525589,65503,20,41,842,3,234
208,3547,3.542200,65504,20,41,829,3,234
209,3548,3.525589,65504,20,41,852,3,234
210,3549,3.558810,65502,20,41,850,3,234
211,3550,3.567116,65503,20,41,849,3,234
212,3552,3.442536,65503,20,41,852,3,234
213,3553,3.567116,65504,20,41,853,3,234
214,3554,3.554658,65504,20,41,834,3,234
215,3555,3.525589,65502,20,41,844,3,234
216,3556,3.513131,65503,20,41,843,3,234
217,3557,3.500673,65502,20,41,849,3,234
218,3558,3.529742,65503,20,41,821,3,234
219,3559,3.533895,65503,20,41,846,3,234
220,3561,3.554658,65504,20,41,853,3,234
221,3562,3.567116,65504,20,41,853,3,234
222,3563,3.558810,65504,20,41,825,3,234
223,3564,3.550505,65503,20,41,842,3,234
224,3565,3.567116,65502,20,41,846,3,234
225,3566,3.542200,65504,20,41,832,3,234
226,3567,3.513131,65504,20,41,836,3,234
227,3568,3.554658,65504,20,41,842,3,234
228,3570,3.554658,65505,20,41,851,3,234
229,3572,3.479910,65504,20,41,843,3,234
230,3573,3.529742,65505,20,41,842,3,234
231,3574,3.521437,65504,20,41,840,3,234
232,3575,3.525589,65504,20,41,849,3,234
233,3577,3.550505,65505,20,41,853,3,234
234,3578,3.529742,65504,20,41,831,3,234
235,3579,3.442536,65505,20,41,849,3,234
236,3580,3.467452,65504,20,41,846,3,234
237,3581,3.562963,65505,20,41,845,3,234
238,3582,3.508979,65504,20,41,849,3,234
239,3583,3.521437,65504,20,41,843,3,234
240,3584,3.513131,65504,20,41,837,3,234
241,3586,3.517284,65504,20,41,842,3,234
242,3587,3.488215,65504,20,42,844,3,234
243,3588,3.513131,65504,20,42,844,3,234
244,3589,3.496521,65504,20,42,833,3,234
245,3590,3.562963,65504,20,42,840,3,234
246,3591,3.542200,65504,20,42,840,3,234
247,3592,3.517284,65503,20,42,851,3,234
248,3593,3.438384,65504,20,42,849,3,234
249,3595,3.513131,65504,20,42,840,3,234
250,3596,3.517284,65504,20,42,831,3,234
251,3597,3.558810,65504,20,42,843,3,234
252,3598,3.500673,65503,20,42,851,3,234
253,3599,3.529742,65504,20,42,852,3,234
254,3600,3.434231,65504,20,42,840,3,234
255,3602,3.446689,65505,20,42,843,3,234
256,3603,3.421773,65504,20,42,835,3,234
257,3604,3.500673,65503,20,42,844,3,234
258,3605,3.504826,65504,20,42,828,3,234
259,3606,3.525589,65505,20,42,832,3,234
260,3607,3.521437,65504,20,42,839,3,234
261,3608,3.442536,65504,20,42,823,3,234
262,3609,3.533895,65504,20,42,841,3,234
263,3611,3.525589,65504,20,42,844,3,234
264,3612,3.434231,65504,20,42,820,3,234
265,3613,3.550505,65504,20,42,851,3,234
266,3614,3.504826,65503,20,42,843,3,234
267,3615,3.508979,65504,20,42,829,3,234
268,3616,3.513131,65503,20,42,851,3,234
269,3617,3.508979,65504,20,42,828,3,234
270,3618,3.504826,65503,20,42,842,3,234
271,3620,3.471605,65504,20,42,836,3,234
272,3621,3.442536,65504,20,42,843,3,234
273,3622,3.438384,65504,20,42,843,3,234
274,3623,3.517284,65504,20,42,851,3,234
275,3624,3.504826,65504,20,42,824,3,234
276,3625,3.425926,65504,20,42,841,3,234
277,3627,3.475758,65504,20,42,841,3,234
278,3630,3.513131,65504,20,43,833,3,234
279,3631,3.550505,65504,20,43,850,3,234
280,3632,3.513131,65503,20,43,840,3,234
281,3633,3.521437,65503,20,43,840,3,234
282,3634,3.521437,65504,20,43,841,3,234
283,3636,3.459147,65505,20,43,842,3,234
284,3637,3.434231,65504,20,43,833,3,234
285,3638,3.529742,65504,20,43,832,3,234
286,3639,3.504826,65504,20,43,822,3,234
287,3640,3.504826,65503,20,43,842,3,234
288,3641,3.425926,65504,20,43,841,3,234
289,3644,3.500673,65504,20,43,839,3,234
290,3645,3.554658,65504,20,43,842,3,234
291,3646,3.442536,65504,20,43,851,3,234
292,3647,3.517284,65504,20,43,840,3,234
293,3648,3.554658,65504,20,43,830,3,234
294,3649,3.529742,65504,20,43,841,3,234
295,3650,3.508979,65505,20,43,840,3,234
296,3652,3.504826,65505,20,43,837,3,234
297,3653,3.533895,65504,20,43,817,3,234
298,3654,3.421773,65505,20,43,837,3,234
299,3655,3.521437,65504,19,42,818,3,234
300,3656,3.492368,65504,19,42,841,3,234
301,3657,3.463300,65505,19,42,843,3,234
302,3658,3.542200,65505,19,42,849,3,234
303,3659,3.525589,65504,19,42,845,3,234
304,3661,3.538047,65505,19,42,838,3,234
305,3662,3.496521,65504,19,42,820,3,234
306,3663,3.517284,65504,19,42,821,3,234
307,3664,3.450842,65504,19,43,838,3,234
308,3665,3.550505,65505,19,43,841,3,234
309,3666,3.533895,65505,19,43,840,3,234
310,3668,3.438384,65505,19,43,841,3,234
311,3669,3.500673,65504,19,43,844,3,234
312,3670,3.504826,65504,19,43,848,3,234
313,3671,3.434231,65504,19,43,838,3,234
314,3672,3.546352,65505,19,43,838,3,234
315,3673,3.508979,65504,19,43,846,3,234
316,3674,3.488215,65504,19,43,837,3,234
317,3675,3.546352,65505,19,43,834,3,234
318,3677,3.542200,65504,19,43,849,3,234
319,3678,3.504826,65504,19,43,839,3,234
320,3679,3.425926,65504,19,43,832,3,234
321,3680,3.542200,65504,19,43,822,3,234
322,3681,3.529742,65504,19,43,837,3,234
323,3682,3.542200,65504,19,42,846,3,234
324,3683,3.454994,65505,19,42,833,3,234
325,3684,3.542200,65504,19,42,839,3,234
326,3686,3.417621,65504,19,42,838,3,234
327,3687,3.546352,65505,19,42,839,3,234
328,3688,3.504826,65504,19,42,841,3,234
329,3689,3.508979,65504,19,42,839,3,234
330,3690,3.496521,65505,19,42,822,3,234
331,3691,3.538047,65505,19,42,845,3,234
332,3693,3.513131,65504,19,42,837,3,234
333,3694,3.538047,65504,19,42,829,3,234
334,3695,3.488215,65504,19,42,838,3,234
335,3696,3.542200,65504,19,42,844,3,234
336,3697,3.496521,65504,19,42,848,3,234
337,3698,3.492368,65506,19,42,837,3,234
338,3699,3.529742,65504,19,42,845,3,234
339,3700,3.504826,65504,19,42,845,3,234
340,3703,3.488215,65505,19,42,836,3,234
341,3704,3.533895,65505,19,42,846,3,234
342,3705,3.417621,65504,19,42,846,3,234
343,3706,3.492368,65504,19,42,827,3,234
344,3707,3.438384,65504,19,42,830,3,234
345,3708,3.508979,65504,19,42,823,3,234
346,3709,3.529742,65504,19,42,827,3,234
347,3711,3.504826,65504,19,42,833,3,234
348,3712,3.471605,65505,19,42,836,3,234
349,3713,3.492368,65505,19,42,845,3,234
350,3714,3.479910,65504,19,42,845,3,234
351,3715,3.492368,65504,19,42,837,3,234
352,3716,3.459147,65505,19,42,821,3,234
353,3718,3.525589,65506,19,42,833,3,234
354,3719,3.504826,65504,19,42,821,3,234
355,3720,3.467452,65505,19,42,820,3,234
356,3721,3.421773,65505,19,42,846,3,234
357,3722,3.525589,65505,19,42,839,3,234
358,3723,3.508979,65505,19,42,847,3,234
359,3724,3.438384,65505,19,42,835,3,234
360,3725,3.533895,65505,19,42,835,3,234
361,3727,3.425926,65506,19,42,834,3,234
362,3728,3.529742,65505,19,42,818,3,234
363,3729,3.484063,65505,19,42,835,3,234
364,3730,3.521437,65504,19,43,816,3,234
365,3731,3.521437,65505,19,43,817,3,234
366,3732,3.479910,65505,19,43,838,3,234
367,3733,3.500673,65505,19,43,847,3,234
368,3734,3.496521,65504,19,43,846,3,234
369,3736,3.459147,65504,19,43,840,3,234
370,3737,3.425926,65504,19,43,837,3,234
371,3738,3.484063,65505,19,43,817,3,234
372,3739,3.409315,65505,19,43,837,3,234
373,3740,3.454994,65504,19,43,845,3,234
374,3741,3.521437,65504,19,43,835,3,234
375,3743,3.496521,65505,19,43,838,3,234
376,3744,3.529742,65505,19,43,842,3,234
377,3745,3.488215,65505,19,43,846,3,234
378,3746,3.533895,65504,19,43,833,3,234
379,3747,3.484063,65504,19,43,846,3,234
380,3748,3.467452,65504,19,43,837,3,234
381,3749,3.484063,65504,19,43,846,3,234
382,3750,3.479910,65504,19,42,839,3,234
383,3752,3.484063,65503,19,42,831,3,234
384,3753,3.517284,65504,19,42,837,3,234
385,3754,3.488215,65504,19,42,834,3,234
386,3755,3.471605,65505,19,42,837,3,234
387,3756,3.529742,65505,19,42,845,3,234
388,3757,3.417621,65505,19,42,836,3,234
389,3758,3.479910,65504,19,42,842,3,234
390,3761,3.450842,65504,19,42,834,3,234
391,3762,3.479910,65504,19,42,845,3,234
392,3763,3.529742,65503,19,42,817,3,234
393,3764,3.454994,65504,19,42,815,3,234
394,3765,3.525589,65504,19,42,837,3,234
395,3766,3.508979,65504,19,42,827,3,234
396,3768,3.525589,65504,19,42,844,3,234
397,3769,3.492368,65505,19,42,835,3,234
398,3770,3.504826,65504,19,42,834,3,234
399,3771,3.492368,65505,19,42,833,3,234
400,3772,3.425926,65504,19,42,837,3,234
401,3773,3.484063,65504,19,42,818,3,234
402,3774,3.442536,65504,19,42,832,3,234
403,3775,3.421773,65504,19,42,833,3,234
404,3777,3.513131,65505,19,42,832,3,234
405,3778,3.401010,65504,19,42,815,3,234
406,3779,3.504826,65504,19,42,844,3,234
407,3780,3.471605,65503,19,42,836,3,234
408,3781,3.475758,65504,19,42,820,3,234
409,3782,3.401010,65504,19,42,815,3,234
410,3784,3.484063,65504,19,42,832,3,234
411,3785,3.417621,65504,19,42,832,3,234
412,3786,3.529742,65504,19,42,813,3,234
413,3787,3.496521,65504,19,42,842,3,234
414,3788,3.471605,65503,19,42,827,3,234
415,3789,3.475758,65504,19,42,845,3,234
416,3790,3.484063,65504,19,42,832,3,234
417,3791,3.475758,65504,19,42,818,3,234
418,3793,3.467452,65504,19,42,833,3,234
419,3794,3.413468,65504,19,42,844,3,234
420,3795,3.425926,65504,19,42,842,3,234
421,3796,3.504826,65503,19,42,834,3,234
422,3797,3.488215,65504,19,42,833,3,234
423,3798,3.442536,65503,19,42,820,3,234
424,3799,3.471605,65504,19,42,815,3,234
425,3800,3.484063,65504,19,42,831,3,234
426,3802,3.479910,65504,19,42,833,3,234
427,3803,3.484063,65504,19,42,830,3,234
428,3804,3.504826,65504,19,42,831,3,234
429,3805,3.463300,65504,19,42,827,3,234
430,3806,3.471605,65504,19,42,843,3,234
431,3807,3.459147,65504,19,42,823,3,234
432,3809,3.496521,65504,19,42,829,3,234
433,3810,3.409315,65504,19,42,843,3,234
434,3811,3.392705,65504,19,42,833,3,234
435,3812,3.479910,65504,19,42,816,3,234
436,3813,3.521437,65505,19,42,831,3,234
437,3814,3.396857,65504,19,42,814,3,234
438,3815,3.484063,65504,19,42,813,3,234
439,3816,3.471605,65504,19,42,812,3,234
440,3818,3.484063,65503,19,42,812,3,234
441,3819,3.467452,65503,19,42,821,3,234
442,3820,3.467452,65504,19,42,834,3,234
443,3821,3.454994,65504,19,42,838,3,234
444,3822,3.392705,65503,19,42,833,3,234
445,3823,3.471605,65503,19,42,830,3,234
446,3824,3.500673,65503,19,42,820,3,234
447,3825,3.467452,65503,19,42,835,3,234
448,3827,3.517284,65503,19,42,819,3,234
449,3828,3.508979,65503,19,42,814,3,234
450,3829,3.517284,65503,19,42,817,3,234
451,3830,3.517284,65504,19,42,833,3,234
452,3831,3.484063,65503,19,42,830,3,234
453,3832,3.479910,65502,19,42,839,3,234
454,3834,3.488215,65504,19,42,834,3,234
455,3835,3.409315,65503,19,42,830,3,234
456,3836,3.463300,65503,19,42,810,3,234
457,3837,3.479910,65503,19,42,810,3,234
458,3838,3.463300,65503,19,42,815,3,234
459,3839,3.471605,65503,19,42,824,3,234
460,3840,3.392705,65503,19,42,837,3,234
461,3841,3.405163,65504,19,42,833,3,234
462,3843,3.467452,65503,19,42,824,3,234
463,3844,3.396857,65503,19,42,836,3,234
464,3845,3.471605,65504,19,42,833,3,234
465,3846,3.454994,65504,19,42,821,3,234
466,3847,3.504826,65504,19,42,811,3,234
467,3848,3.392705,65503,19,42,834,3,234
468,3849,3.384400,65504,19,42,841,3,234
469,3850,3.463300,65504,19,42,833,3,234
470,3852,3.496521,65503,19,42,817,3,234
471,3853,3.467452,65504,19,42,840,3,234
472,3854,3.475758,65503,19,42,817,3,234
473,3855,3.484063,65503,19,42,811,3,234
474,3856,3.446689,65504,19,42,832,3,234
475,3857,3.471605,65504,19,42,838,3,234
476,3859,3.471605,65503,19,42,810,3,234
477,3860,3.471605,65503,19,42,817,3,234
478,3861,3.504826,65503,19,42,838,3,234
479,3862,3.417621,65503,19,42,828,3,234
480,3863,3.438384,65503,19,42,828,3,234
481,3864,3.504826,65503,19,42,811,3,234
482,3865,3.396857,65504,19,42,812,3,234
483,3866,3.488215,65503,19,42,838,3,234
484,3868,3.471605,65503,19,42,812,3,234
485,3869,3.471605,65502,19,42,826,3,234
486,3871,3.471605,65502,19,42,820,3,234
487,3872,3.401010,65503,19,42,839,3,234
488,3873,3.471605,65503,19,42,817,3,234
489,3874,3.454994,65504,19,42,820,3,234
490,3875,3.384400,65503,19,42,827,3,234
491,3877,3.475758,65503,19,42,835,3,234
492,3878,3.471605,65503,19,42,830,3,234
493,3879,3.413468,65503,19,42,830,3,234
494,3880,3.380247,65503,19,42,832,3,234
495,3881,3.450842,65505,19,42,831,3,234
496,3882,3.484063,65504,19,42,829,3,234
497,3884,3.496521,65503,19,42,830,3,234
498,3885,3.454994,65504,19,42,830,3,234
499,3886,3.376094,65504,19,42,828,3,234
500,3887,3.496521,65503,19,42,834,3,234
501,3888,3.459147,65503,19,42,831,3,234
502,3889,3.467452,65503,19,42,825,3,234
503,3890,3.454994,65503,19,42,832,3,234
504,3891,3.438384,65503,19,42,827,3,234
505,3893,3.500673,65502,19,42,825,3,234
506,3894,3.454994,65503,19,42,814,3,234
507,3895,3.438384,65503,19,42,831,3,234
508,3896,3.492368,65504,19,42,826,3,234
509,3897,3.380247,65503,19,42,828,3,234
510,3900,3.442536,65503,19,42,829,3,234
511,3901,3.384400,65504,19,42,830,3,234
512,3902,3.496521,65503,19,42,813,3,234
513,3904,3.446689,65503,19,42,825,3,234
514,3905,3.430079,65504,19,42,829,3,234
515,3906,3.376094,65504,19,42,830,3,234
516,3907,3.367789,65503,19,42,808,3,234
517,3909,3.459147,65503,19,42,809,3,234
518,3910,3.438384,65504,19,43,808,3,234
519,3911,3.409315,65504,19,43,815,3,234
520,3912,3.488215,65504,19,43,803,3,234
521,3913,3.496521,65504,19,43,815,3,234
522,3914,3.413468,65504,19,43,823,3,234
523,3915,3.396857,65504,19,43,828,3,234
524,3916,3.454994,65504,19,43,834,3,234
525,3918,3.467452,65503,19,43,826,3,234
526,3919,3.434231,65503,19,43,819,3,234
527,3920,3.459147,65503,19,43,807,3,234
528,3921,3.446689,65503,19,43,823,3,234
529,3922,3.442536,65504,19,43,833,3,234
530,3923,3.442536,65503,19,43,824,3,234
531,3925,3.371942,65504,19,43,825,3,234
532,3926,3.442536,65503,19,43,831,3,234
533,3927,3.454994,65503,19,43,814,3,234
534,3928,3.442536,65503,19,43,827,3,234
535,3929,3.479910,65504,19,43,823,3,234
536,3932,3.363636,65504,19,43,824,3,234
537,3934,3.471605,65504,19,43,825,3,234
538,3935,3.384400,65504,19,43,823,3,234
539,3936,3.479910,65504,19,43,822,3,234
540,3937,3.442536,65504,19,43,825,3,234
541,3938,3.479910,65503,19,43,823,3,234
542,3939,3.425926,65503,19,43,825,3,234
543,3940,3.479910,65503,19,43,828,3,234
544,3941,3.467452,65503,19,43,829,3,234
545,3943,3.430079,65503,19,43,825,3,234
546,3944,3.421773,65503,19,43,832,3,234
547,3945,3.367789,65504,19,43,825,3,234
548,3946,3.363636,65504,19,43,823,3,234
549,3947,3.363636,65504,19,43,834,3,234
550,3948,3.479910,65504,19,43,832,3,234
551,3950,3.467452,65504,19,43,825,3,234
552,3951,3.355331,65503,19,43,820,3,234
553,3952,3.442536,65504,19,43,825,3,234
554,3953,3.342873,65504,19,43,801,3,234
555,3954,3.430079,65503,19,43,819,3,234
556,3955,3.384400,65504,19,43,823,3,234
557,3956,3.413468,65504,19,43,819,3,234
558,3957,3.347026,65504,19,43,832,3,234
559,3959,3.392705,65504,19,43,813,3,234
560,3960,3.430079,65503,19,43,798,3,234
561,3961,3.417621,65503,19,43,801,3,234
562,3962,3.467452,65504,19,43,824,3,234
563,3963,3.380247,65504,19,43,831,3,234
564,3964,3.401010,65505,19,43,821,3,234
565,3965,3.421773,65504,19,43,826,3,234
566,3966,3.359484,65504,19,43,829,3,234
567,3968,3.355331,65504,19,43,830,3,234
568,3969,3.454994,65505,19,43,799,3,234
569,3971,3.396857,65505,19,43,816,3,234
570,3972,3.463300,65504,19,43,817,3,234
571,3973,3.388552,65504,19,43,818,3,234
572,3975,3.371942,65503,19,43,808,3,234
573,3977,3.330415,65503,19,43,817,3,234
574,3978,3.413468,65504,19,43,824,3,234
575,3981,3.454994,65502,19,43,802,3,234
576,3982,3.454994,65504,19,43,823,3,234
577,3984,3.363636,65503,19,43,826,3,234
578,3985,3.396857,65503,19,43,796,3,234
579,3986,3.330415,65503,19,43,823,3,234
580,3987,3.446689,65503,19,43,812,3,234
581,3988,3.413468,65504,19,43,817,3,234
582,3989,3.421773,65504,19,43,813,3,234
583,3990,3.446689,65503,19,43,814,3,234
584,3991,3.430079,65503,19,43,797,3,234
585,3993,3.405163,65503,19,43,790,3,234
586,3994,3.401010,65503,19,43,821,3,234
587,3995,3.317957,65503,19,43,799,3,234
588,3996,3.396857,65503,19,43,811,3,234
589,3997,3.388552,65503,19,43,794,3,234
590,3998,3.326263,65503,19,44,808,3,234
591,4000,3.322110,65503,19,44,818,3,234
592,4002,3.363636,65504,19,44,818,3,234
593,4003,3.338721,65503,19,44,802,3,234
594,4004,3.396857,65504,19,44,813,3,234
595,4005,3.384400,65503,19,44,815,3,234
596,4006,3.288889,65501,19,44,807,3,234
597,4007,3.409315,65502,19,44,805,3,234
598,4009,3.367789,65502,19,44,785,3,234
599,4010,3.392705,65502,19,44,809,3,234
600,4011,3.351178,65502,19,44,808,3,234
601,4012,3.342873,65502,19,43,801,3,234
602,4013,3.396857,65502,19,43,801,3,234
603,4014,3.388552,65502,19,43,787,3,234
604,4016,3.359484,65502,19,43,781,3,234
605,4017,3.334568,65503,19,43,786,3,234
606,4018,3.380247,65502,19,43,782,3,234
607,4019,3.392705,65504,19,43,809,3,234
608,4020,3.334568,65503,19,43,800,3,234
609,4021,3.305499,65504,19,43,778,3,234
610,4022,3.371942,65503,19,43,801,3,234
611,4023,3.334568,65503,19,43,776,3,234
612,4025,3.384400,65503,19,43,776,3,234
613,4026,3.326263,65502,19,44,798,3,234
614,4027,3.251515,65502,19,44,800,3,234
615,4028,3.247363,65502,19,44,788,3,234
616,4029,3.363636,65502,19,44,780,3,234
617,4030,3.317957,65503,19,44,802,3,234
618,4031,3.317957,65502,19,44,805,3,234
619,4032,3.297194,65503,19,43,786,3,234
620,4034,3.268126,65503,19,43,787,3,234
621,4035,3.288889,65503,19,43,785,3,234
622,4036,3.247363,65503,19,43,785,3,234
623,4037,3.297194,65502,19,43,761,3,234
624,4038,3.185073,65502,19,43,778,3,234
625,4039,3.205836,65502,19,43,787,3,234
626,4041,3.214141,65503,19,43,780,3,234
627,4042,3.222447,65503,19,43,778,3,234
628,4043,3.102020,65502,19,43,755,3,234
629,4044,3.147699,65502,19,43,751,3,234
630,4045,3.114478,65504,19,43,742,3,234
631,4046,3.002357,65503,19,43,724,3,234
632,4047,2.931762,65504,19,43,715,3,234
633,4048,2.877778,65503,19,43,703,3,234
634,4050,2.840404,65504,19,43,697,3,234
635,4051,2.732435,65503,19,43,657,3,234
636,4052,2.632772,65503,19,43,625,3,234
637,4053,2.346240,65503,19,43,537,3,234
638,4054,2.121998,65503,19,43,504,3,234
639,4056,2.121998,65504,19,43,518,3,234
640,4057,2.184287,65503,19,43,510,3,234
641,4059,2.142761,65504,19,43,521,3,234
642,4060,2.200898,65503,19,43,516,3,234
643,4061,2.188440,65503,19,43,529,3,234
644,4062,2.196745,65504,19,43,523,3,234
645,4063,2.196745,65503,19,43,526,3,234
646,4064,2.184287,65504,19,43,527,3,234
647,4066,2.163524,65503,19,43,531,3,234
648,4067,2.213356,65503,19,43,527,3,234
649,4068,2.225814,65503,19,43,532,3,234
650,4069,2.229966,65503,19,43,519,3,234
651,4070,2.217508,65503,19,43,533,3,234
652,4071,2.184287,65503,19,44,521,3,234
653,4072,2.200898,65502,19,44,534,3,234
654,4073,2.188440,65503,19,44,532,3,234
655,4075,2.192593,65503,19,44,532,3,234
656,4076,2.238272,65503,19,44,536,3,234
657,4077,2.229966,65503,19,44,534,3,234
658,4078,2.188440,65503,19,44,534,3,234
659,4079,2.180135,65503,19,44,537,3,234
660,4080,2.234119,65503,19,44,525,3,234
661,4081,2.213356,65503,19,44,524,3,234
662,4082,2.238272,65503,19,44,537,3,234
663,4084,2.184287,65503,19,44,526,3,234
664,4085,2.188440,65501,19,44,530,3,234
665,4086,2.217508,65502,19,44,524,3,234
666,4087,2.217508,65503,18,44,535,3,234
667,4088,2.229966,65503,18,44,534,3,234
668,4089,2.242424,65503,18,44,539,3,234
669,4091,2.209203,65503,18,44,525,3,234
670,4092,2.188440,65503,18,44,538,3,234
671,4093,2.213356,65503,18,44,529,3,234
672,4094,2.250730,65504,18,44,524,3,234
673,4096,2.209203,65503,18,44,530,3,234
674,4097,2.225814,65503,18,44,530,3,234
675,4098,2.250730,65504,18,44,536,3,234
676,4100,2.205051,65503,18,44,533,3,234
677,4101,2.196745,65503,18,44,539,3,234
678,4102,2.200898,65502,18,44,541,3,234
679,4103,2.200898,65503,18,44,526,3,234
680,4104,2.259035,65502,18,44,529,3,234
681,4105,2.238272,65503,18,44,532,3,234
682,4106,2.246577,65503,18,44,538,3,234
683,4107,2.238272,65503,18,44,527,3,234
684,4109,2.259035,65503,18,44,528,3,234
685,4110,2.225814,65503,18,44,538,3,234
686,4111,2.234119,65503,18,44,537,3,234
687,4112,2.242424,65503,18,44,537,3,234
688,4113,2.254882,65503,18,44,539,3,234
689,4114,2.238272,65503,18,45,529,3,234
690,4116,2.217508,65503,18,45,539,3,234
691,4117,2.242424,65503,18,45,527,3,234
692,4118,2.225814,65503,18,45,537,3,234
693,4119,2.238272,65503,18,45,527,3,234
694,4120,2.217508,65504,18,45,542,3,234
695,4121,2.246577,65503,18,45,527,3,234
696,4122,2.263187,65504,18,45,529,3,234
697,4123,2.229966,65503,18,45,534,3,234
698,4125,2.229966,65503,18,45,543,3,234
699,4126,2.205051,65502,18,45,542,3,234
700,4127,2.225814,65503,18,45,537,3,234
701,4128,2.271493,65502,18,45,529,3,234
702,4129,2.234119,65503,18,45,529,3,234
703,4130,2.209203,65503,18,45,533,3,234
704,4131,2.267340,65505,18,45,543,3,234
705,4132,2.267340,65501,18,45,541,3,234
706,4134,2.271493,65502,18,45,544,3,234
707,4135,2.238272,65503,18,45,539,3,234
708,4136,2.221661,65503,18,45,533,3,234
709,4137,2.246577,65503,18,45,530,3,234
710,4138,2.263187,65503,18,45,540,3,234
711,4139,2.259035,65503,18,45,538,3,234
712,4141,2.250730,65502,18,45,544,3,234
713,4142,2.242424,65502,18,45,542,3,234
714,4143,2.271493,65502,18,45,545,3,234
715,4144,2.259035,65503,18,45,541,3,234
716,4145,2.275645,65504,18,45,544,3,234
717,4146,2.213356,65504,18,45,543,3,234
718,4147,2.209203,65504,18,45,530,3,234
719,4148,2.238272,65504,18,45,528,3,234
720,4150,2.213356,65504,18,45,531,3,234
721,4151,2.271493,65504,18,45,543,3,234
722,4152,2.229966,65502,18,45,530,3,234
723,4153,2.225814,65503,18,44,533,3,234
724,4154,2.225814,65503,18,44,529,3,234
725,4155,2.275645,65505,18,44,538,3,234
726,4157,2.263187,65503,18,44,536,3,234
727,4158,2.213356,65502,18,45,529,3,234
728,4159,2.242424,65504,18,45,543,3,234
729,4160,2.213356,65502,18,45,532,3,234
730,4161,2.263187,65504,18,45,541,3,234
731,4162,2.267340,65504,18,45,530,3,234
732,4163,2.254882,65502,18,45,543,3,234
733,4164,2.225814,65503,18,45,540,3,234
734,4166,2.263187,65503,18,45,535,3,234
735,4167,2.275645,65502,18,45,539,3,234
736,4168,2.271493,65503,18,45,539,3,234
737,4169,2.221661,65504,18,44,544,3,234
738,4170,2.271493,65503,18,44,543,3,234
739,4171,2.271493,65502,18,44,538,3,234
740,4172,2.242424,65502,18,44,531,3,234
741,4173,2.271493,65502,18,44,536,3,234
742,4175,2.250730,65503,18,44,541,3,234
743,4176,2.209203,65502,18,44,529,3,234
744,4177,2.242424,65502,18,44,534,3,234
745,4178,2.213356,65503,18,44,538,3,234
746,4179,2.209203,65502,18,44,530,3,234
747,4180,2.267340,65501,18,44,540,3,234
748,4182,2.267340,65502,18,44,543,3,234
749,4183,2.271493,65503,18,44,542,3,234
750,4184,2.267340,65504,18,44,544,3,234
751,4185,2.263187,65503,18,44,542,3,234
752,4186,2.209203,65503,18,44,530,3,234
753,4187,2.259035,65503,18,44,529,3,234
754,4188,2.209203,65502,18,44,531,3,234
755,4189,2.205051,65503,18,44,541,3,234
756,4191,2.213356,65502,18,44,531,3,234
757,4192,2.225814,65502,18,44,539,3,234
758,4193,2.229966,65503,18,44,537,3,234
759,4194,2.209203,65502,18,44,542,3,234
760,4195,2.267340,65503,18,44,543,3,234
761,4196,2.250730,65504,18,44,528,3,234
762,4197,2.213356,65503,18,44,528,3,234
763,4198,2.209203,65504,18,44,527,3,234
764,4200,2.209203,65504,18,44,530,3,234
765,4201,2.217508,65504,18,44,542,3,234
766,4202,2.205051,65504,18,44,528,3,234
767,4203,2.246577,65502,18,44,528,3,234
768,4204,2.263187,65504,18,44,542,3,234
769,4205,2.263187,65503,18,44,529,3,234
770,4207,2.205051,65504,18,44,529,3,234
771,4208,2.263187,65503,18,44,535,3,234
772,4209,2.209203,65503,18,44,535,3,234
773,4210,2.263187,65504,18,44,529,3,234
774,4211,2.242424,65504,18,44,543,3,234
775,4212,2.267340,65504,18,44,536,3,234
776,4213,2.205051,65504,18,44,529,3,234
777,4214,2.238272,65503,18,44,542,3,234
778,4216,2.259035,65504,18,44,542,3,234
779,4217,2.238272,65504,18,44,541,3,234
780,4218,2.238272,65504,18,44,544,3,234
781,4219,2.225814,65504,18,44,531,3,234
782,4220,2.205051,65505,18,44,530,3,234
783,4221,2.263187,65504,18,44,528,3,234
784,4222,2.263187,65504,18,44,530,3,234
785,4223,2.254882,65504,18,44,535,3,234
786,4225,2.221661,65504,18,44,528,3,234
787,4226,2.205051,65503,18,44,528,3,234
788,4227,2.225814,65503,18,44,532,3,234
789,4228,2.225814,65503,18,44,535,3,234
790,4229,2.267340,65503,18,44,538,3,234
791,4230,2.246577,65503,18,44,527,3,234
792,4232,2.209203,65503,18,44,530,3,234
793,4233,2.259035,65502,18,44,542,3,234
794,4235,2.234119,65503,18,44,538,3,234
795,4236,2.250730,65503,18,44,528,3,234
796,4237,2.267340,65504,18,44,528,3,234
797,4238,2.234119,65504,18,44,542,3,234
798,4239,2.254882,65503,18,44,535,3,234
799,4241,2.250730,65504,18,44,529,3,234
800,4242,2.229966,65503,18,44,527,3,234
801,4243,2.250730,65504,18,44,529,3,234
802,4244,2.246577,65503,18,44,539,3,234
803,4245,2.254882,65504,18,44,543,3,234
804,4246,2.234119,65504,18,44,527,3,234
805,4247,2.229966,65504,18,44,533,3,234
806,4248,2.254882,65503,18,44,527,3,234
807,4250,2.234119,65503,18,44,529,3,234
808,4251,2.263187,65504,18,44,527,3,234
809,4252,2.225814,65504,18,44,543,3,234
810,4253,2.200898,65504,18,44,540,3,234
811,4254,2.242424,65503,18,44,529,3,234
812,4255,2.213356,65504,18,44,541,3,234
813,4257,2.263187,65503,18,44,539,3,234
814,4258,2.209203,65503,18,44,540,3,234
815,4259,2.234119,65503,18,44,543,3,234
816,4260,2.259035,65503,18,44,527,3,234
817,4261,2.259035,65503,18,44,527,3,234
818,4266,2.221661,65503,18,44,530,3,234
819,4267,2.234119,65504,18,44,537,3,234
820,4268,2.205051,65504,18,44,542,3,234
821,4269,2.259035,65503,18,44,542,3,234
822,4270,2.259035,65503,18,44,529,3,234
823,4271,2.200898,65503,18,44,534,3,234
824,4273,2.259035,65502,18,44,527,3,234
825,4274,2.213356,65503,18,44,535,3,234
826,4275,2.259035,65502,18,44,541,3,234
827,4276,2.259035,65504,18,44,542,3,234
828,4277,2.234119,65504,18,44,542,3,234
829,4278,2.263187,65504,18,45,532,3,234
830,4279,2.259035,65505,18,45,527,3,234
831,4280,2.242424,65504,18,45,540,3,234
832,4282,2.242424,65503,18,45,527,3,234
833,4283,2.225814,65504,18,45,542,3,234
834,4284,2.217508,65504,18,45,528,3,234
835,4285,2.254882,65503,18,45,540,3,234
836,4286,2.259035,65503,18,45,529,3,234
837,4287,2.221661,65502,18,45,541,3,234
838,4288,2.259035,65503,18,45,531,3,234
839,4289,2.263187,65503,18,45,542,3,234
840,4291,2.263187,65503,18,45,537,3,234
841,4293,2.200898,65503,18,45,541,3,234
842,4294,2.263187,65503,18,45,538,3,234
843,4295,2.242424,65503,18,45,542,3,234
844,4296,2.238272,65503,18,45,529,3,234
845,4298,2.229966,65503,18,45,541,3,234
846,4299,2.221661,65503,18,45,526,3,234
847,4300,2.200898,65503,18,45,540,3,234
848,4301,2.254882,65503,18,45,536,3,234
849,4302,2.238272,65503,18,45,542,3,234
850,4303,2.213356,65503,18,45,539,3,234
851,4304,2.200898,65503,18,45,542,3,234
852,4305,2.213356,65503,18,45,537,3,234
853,4307,2.229966,65504,18,45,530,3,234
854,4308,2.259035,65503,18,45,526,3,234
855,4309,2.259035,65503,18,45,538,3,234
856,4311,2.259035,65503,18,45,527,3,234
857,4312,2.254882,65503,18,45,527,3,234
858,4313,2.209203,65503,18,45,531,3,234
859,4314,2.217508,65502,18,45,526,3,234
860,4316,2.205051,65503,18,45,536,3,234
861,4317,2.250730,65503,18,45,532,3,234
862,4318,2.229966,65502,18,45,536,3,234
863,4319,2.254882,65502,18,45,526,3,234
864,4320,2.229966,65503,18,45,527,3,234
865,4321,2.200898,65503,18,45,538,3,234
866,4323,2.259035,65503,18,45,527,3,234
867,4324,2.250730,65504,18,45,527,3,234
868,4325,2.213356,65503,18,45,540,3,234
869,4326,2.200898,65502,18,45,529,3,234
870,4327,2.259035,65503,18,45,531,3,234
871,4328,2.263187,65503,18,45,536,3,234
872,4333,2.209203,65503,18,46,541,3,234
873,4334,2.242424,65503,18,46,537,3,234
874,4335,2.238272,65504,18,46,527,3,234
875,4336,2.213356,65504,18,46,527,3,234
876,4337,2.217508,65503,18,46,526,3,234
877,4338,2.234119,65503,18,46,531,3,234
878,4341,2.200898,65503,18,46,527,3,234
879,4344,2.205051,65504,18,46,541,3,234
880,4345,2.196745,65504,18,46,537,3,234
881,4348,2.213356,65502,18,46,541,3,234
882,4349,2.259035,65503,18,46,525,3,234
883,4350,2.234119,65503,18,46,539,3,234
884,4351,2.229966,65503,18,46,526,3,234
885,4352,2.200898,65502,18,46,540,3,234
886,4355,2.250730,65503,18,46,540,3,234
887,4357,2.200898,65503,18,46,541,3,234
888,4358,2.254882,65503,18,46,540,3,234
889,4359,2.213356,65502,18,46,538,3,234
890,4360,2.217508,65503,18,46,525,3,234
891,4361,2.254882,65503,18,46,526,3,234
892,4362,2.234119,65503,18,46,532,3,234
893,4363,2.200898,65502,18,46,542,3,234
894,4364,2.200898,65502,18,46,528,3,234
895,4366,2.254882,65502,18,46,526,3,234
896,4367,2.192593,65501,18,46,525,3,234
897,4374,2.259035,65501,18,46,541,3,234
898,4375,2.234119,65501,18,46,541,3,234
899,4376,2.250730,65501,18,46,525,3,234
900,4378,2.254882,65503,18,46,533,3,234
901,4380,2.209203,65502,18,46,538,3,234
902,4387,2.200898,65503,18,46,525,3,234
903,4394,2.205051,65502,18,45,537,3,234
904,4395,2.229966,65503,18,45,536,3,234
905,4400,2.229966,65503,18,45,527,3,234
906,4401,2.196745,65502,18,45,538,3,234
907,4410,2.259035,65502,18,45,533,3,234
908,4415,2.205051,65503,18,45,532,3,234
909,4417,2.217508,65503,18,45,530,3,234
910,4424,2.254882,65503,18,45,538,3,234
911,4425,2.213356,65502,18,45,531,3,234
912,4427,2.250730,65502,18,46,539,3,234
913,4428,2.192593,65501,18,46,527,3,234
914,4429,2.209203,65503,18,46,535,3,234
915,4430,2.200898,65502,18,45,529,3,234
916,4434,2.246577,65502,18,46,528,3,234
917,4435,2.209203,65502,18,46,532,3,234
918,4436,2.238272,65502,18,46,539,3,234
919,4437,2.234119,65502,18,46,537,3,234
920,4439,2.192593,65502,18,46,535,3,234
921,4440,2.192593,65501,18,46,531,3,234
922,4441,2.250730,65502,18,46,536,3,234
923,4442,2.246577,65504,18,45,524,3,234
924,4443,2.250730,65503,18,45,525,3,234
925,4444,2.246577,65502,18,45,537,3,234
926,4445,2.234119,65503,18,45,540,3,234
927,4446,2.250730,65503,18,45,537,3,234
928,4448,2.200898,65503,18,45,524,3,234
929,4449,2.192593,65502,18,45,538,3,234
930,4450,2.254882,65501,18,45,527,3,234
931,4451,2.221661,65503,18,45,537,3,234
932,4452,2.200898,65502,18,45,525,3,234
933,4453,2.192593,65502,18,45,538,3,234
934,4454,2.225814,65503,18,45,524,3,234
935,4455,2.242424,65503,18,45,539,3,234
936,4457,2.250730,65502,18,45,534,3,234
937,4458,2.221661,65503,18,45,535,3,234
938,4459,2.196745,65502,18,45,525,3,234
939,4460,2.192593,65502,18,45,532,3,234
940,4461,2.238272,65502,18,45,539,3,234
941,4462,2.246577,65502,18,45,532,3,234
942,4464,2.238272,65502,18,45,537,3,234
943,4465,2.250730,65502,18,45,526,3,234
944,4466,2.200898,65503,18,45,527,3,234
945,4467,2.254882,65502,18,45,523,3,234
946,4469,2.246577,65502,18,45,538,3,234
947,4470,2.196745,65501,18,45,524,3,234
948,4471,2.188440,65502,18,45,535,3,234
949,4473,2.205051,65503,18,45,526,3,234
950,4474,2.246577,65502,18,45,534,3,234
951,4475,2.254882,65502,18,45,536,3,234
952,4476,2.196745,65502,18,45,536,3,234
953,4477,2.217508,65501,18,45,528,3,234
954,4478,2.238272,65502,18,45,527,3,234
955,4479,2.188440,65502,18,45,525,3,234
956,4480,2.250730,65502,18,45,532,3,234
957,4482,2.221661,65501,18,45,534,3,234
958,4483,2.188440,65502,18,45,538,3,234
959,4484,2.188440,65502,18,45,523,3,234
960,4485,2.225814,65502,18,45,524,3,234
961,4486,2.221661,65501,18,45,539,3,234
962,4487,2.242424,65502,18,45,534,3,234
963,4489,2.229966,65502,18,45,529,3,234
964,4490,2.196745,65502,18,45,529,3,234
965,4491,2.246577,65502,18,45,535,3,234
966,4492,2.184287,65503,18,45,530,3,234
967,4493,2.192593,65502,18,45,530,3,234
968,4494,2.242424,65503,18,45,531,3,234
969,4495,2.242424,65503,18,45,532,3,234
970,4496,2.188440,65503,18,45,525,3,234
971,4498,2.192593,65502,18,45,530,3,234
972,4499,2.213356,65502,18,46,526,3,234
973,4500,2.196745,65503,18,46,524,3,234
974,4501,2.246577,65503,18,46,524,3,234
975,4502,2.246577,65503,18,46,537,3,234
976,4503,2.200898,65503,18,46,537,3,234
977,4504,2.221661,65503,18,46,534,3,234
978,4505,2.192593,65502,18,46,529,3,234
979,4507,2.221661,65503,18,46,525,3,234
980,4508,2.213356,65503,18,46,523,3,234
981,4509,2.234119,65503,18,46,539,3,234
982,4510,2.213356,65502,18,46,528,3,234
983,4511,2.225814,65502,18,46,524,3,234
984,4512,2.229966,65502,18,46,535,3,234
985,4514,2.246577,65501,18,46,526,3,234
986,4515,2.188440,65502,18,46,537,3,234
987,4516,2.196745,65502,18,46,532,3,234
988,4517,2.229966,65501,18,46,536,3,234
989,4518,2.196745,65501,18,46,532,3,234
990,4519,2.221661,65501,18,46,523,3,234
991,4520,2.184287,65502,18,46,531,3,234
992,4521,2.242424,65502,18,46,525,3,234
993,4523,2.250730,65502,18,46,537,3,234
994,4524,2.213356,65502,18,46,524,3,234
995,4525,2.209203,65502,18,46,523,3,234
996,4526,2.225814,65502,18,46,536,3,234
997,4527,2.242424,65501,18,46,533,3,234
998,4528,2.209203,65502,18,46,530,3,234
999,4530,2.213356,65502,18,46,526,3,234
1000,4531,2.192593,65503,18,46,535,3,234
1001,4532,2.192593,65502,18,46,525,3,234
1002,4533,2.221661,65502,18,46,524,3,234
1003,4534,2.200898,65502,18,46,534,3,234
1004,4535,2.229966,65502,18,46,527,3,234
1005,4536,2.221661,65502,18,46,528,3,234
1006,4537,2.238272,65503,18,46,533,3,234
1007,4539,2.188440,65503,18,46,531,3,234
1008,4540,2.213356,65501,18,46,526,3,234
1009,4541,2.192593,65501,18,46,523,3,234
1010,4542,2.188440,65501,18,46,523,3,234
1011,4544,2.196745,65501,18,46,526,3,234
1012,4545,2.221661,65502,18,46,523,3,234
1013,4546,2.200898,65502,18,46,522,3,234
1014,4548,2.238272,65501,18,46,535,3,234
1015,4549,2.221661,65501,18,46,522,3,234
1016,4550,2.184287,65501,18,46,537,3,234
1017,4551,2.188440,65501,18,46,529,3,234
1018,4552,2.205051,65501,18,46,536,3,234
1019,4553,2.184287,65501,18,46,537,3,234
1020,4555,2.188440,65500,18,46,523,3,234
1021,4556,2.234119,65501,18,46,536,3,234
1022,4557,2.188440,65501,18,46,531,3,234
1023,4558,2.221661,65501,18,46,527,3,234
1024,4559,2.242424,65501,18,46,531,3,234
1025,4560,2.200898,65501,18,46,524,3,234
1026,4561,2.209203,65501,18,46,536,3,234
1027,4562,2.246577,65502,18,45,526,3,234
1028,4564,2.205051,65501,18,45,522,3,234
1029,4565,2.242424,65502,18,45,534,3,234
1030,4566,2.209203,65501,18,45,538,3,234
1031,4567,2.192593,65502,18,45,526,3,234
1032,4568,2.242424,65501,18,45,529,3,234
1033,4569,2.246577,65502,18,45,522,3,234
1034,4570,2.246577,65502,18,45,523,3,234
1035,4571,2.213356,65501,18,45,522,3,234
1036,4573,2.225814,65502,18,45,534,3,234
1037,4574,2.192593,65502,18,45,526,3,234
1038,4575,2.188440,65502,18,45,536,3,234
1039,4576,2.242424,65501,18,45,522,3,234
1040,4577,2.196745,65501,18,45,536,3,234
1041,4578,2.184287,65501,18,45,531,3,234
1042,4580,2.221661,65501,18,45,523,3,234
1043,4581,2.229966,65501,18,45,534,3,234
1044,4582,2.184287,65501,18,45,535,3,234
1045,4583,2.209203,65501,18,45,536,3,234
1046,4584,2.242424,65500,18,45,526,3,234
1047,4586,2.242424,65501,18,45,529,3,234
1048,4587,2.184287,65501,18,45,530,3,234
1049,4589,2.225814,65500,18,45,525,3,234
1050,4590,2.225814,65501,18,45,522,3,234
1051,4591,2.246577,65502,18,45,535,3,234
1052,4592,2.242424,65500,18,45,537,3,234
1053,4593,2.234119,65500,18,45,523,3,234
1054,4596,2.242424,65501,18,46,522,3,234
1055,4598,2.188440,65501,18,46,524,3,234
1056,4599,2.229966,65501,18,46,536,3,234
1057,4600,2.225814,65501,18,46,533,3,234
1058,4601,2.184287,65501,18,46,531,3,234
1059,4602,2.234119,65501,18,46,538,3,234
1060,4603,2.246577,65501,18,46,530,3,234
1061,4605,2.221661,65501,18,46,523,3,234
1062,4606,2.217508,65501,18,46,522,3,234
1063,4607,2.238272,65501,18,46,527,3,234
1064,4608,2.242424,65501,18,46,529,3,234
1065,4609,2.192593,65501,18,46,525,3,234
1066,4611,2.242424,65501,18,46,522,3,234
1067,4612,2.238272,65501,18,46,522,3,234
1068,4614,2.238272,65500,18,46,535,3,234
1069,4615,2.242424,65501,18,46,532,3,234
1070,4616,2.188440,65501,18,46,526,3,234
1071,4618,2.242424,65501,18,46,522,3,234
1072,4620,2.188440,65502,18,46,536,3,234
1073,4621,2.188440,65501,18,46,523,3,234
1074,4623,2.238272,65501,18,46,532,3,234
1075,4624,2.242424,65501,18,46,537,3,234
1076,4625,2.196745,65501,18,46,529,3,234
1077,4626,2.221661,65501,18,46,522,3,234
1078,4627,2.242424,65501,18,46,528,3,234
1079,4628,2.209203,65501,18,46,536,3,234
1080,4630,2.242424,65500,18,46,528,3,234
1081,4631,2.180135,65501,18,46,531,3,234
1082,4632,2.200898,65500,18,46,536,3,234
1083,4633,2.180135,65501,18,46,527,3,234
1084,4634,2.184287,65501,18,46,530,3,234
1085,4636,2.225814,65501,18,46,527,3,234
1086,4639,2.205051,65500,18,47,523,3,234
1087,4640,2.238272,65500,18,47,537,3,234
1088,4641,2.175982,65500,18,47,534,3,234
1089,4642,2.229966,65500,18,47,537,3,234
1090,4643,2.184287,65500,18,47,536,3,234
1091,4646,2.246577,65500,18,47,535,3,234
1092,4650,2.221661,65501,18,47,535,3,234
1093,4657,2.188440,65501,18,46,526,3,234
1094,4660,2.221661,65499,18,46,537,3,234
1095,4667,2.180135,65499,18,46,526,3,234
1096,4672,2.242424,65501,18,46,522,3,234
1097,4676,2.217508,65500,18,46,528,3,234
1098,4681,2.242424,65501,18,46,531,3,234
1099,4685,2.225814,65500,18,46,522,3,234
1100,4691,2.229966,65501,18,46,525,3,234
1101,4692,2.217508,65500,18,46,522,3,234
1102,4700,2.238272,65500,18,46,534,3,234
1103,4701,2.225814,65501,18,46,535,3,234
1104,4703,2.229966,65501,18,46,529,3,234
1105,4705,2.175982,65501,18,46,535,3,234
1106,4708,2.184287,65501,18,46,530,3,234
1107,4709,2.242424,65500,18,46,526,3,234
1108,4712,2.225814,65501,18,46,536,3,234
1109,4715,2.180135,65501,18,46,523,3,234
1110,4719,2.180135,65502,18,46,524,3,234
1111,4722,2.225814,65501,18,46,524,3,234
1112,4724,2.234119,65501,18,47,534,3,234
1113,4725,2.180135,65500,18,47,536,3,234
1114,4727,2.229966,65501,18,47,524,3,234
1115,4730,2.234119,65501,18,47,530,3,234
1116,4731,2.229966,65501,18,47,532,3,234
1117,4732,2.238272,65501,18,47,522,3,234
1118,4733,2.200898,65501,18,47,532,3,234
1119,4734,2.196745,65500,18,47,521,3,234
1120,4735,2.175982,65500,18,47,522,3,234
1121,4736,2.184287,65500,18,47,536,3,234
1122,4737,2.200898,65501,18,47,522,3,234
1123,4739,2.242424,65500,18,47,521,3,234
1124,4740,2.234119,65501,18,47,529,3,234
1125,4741,2.234119,65500,18,47,522,3,234
1126,4742,2.180135,65500,18,47,534,3,234
1127,4743,2.234119,65500,18,47,522,3,234
1128,4744,2.175982,65500,18,47,526,3,234
1129,4746,2.238272,65500,18,47,529,3,234
1130,4747,2.180135,65501,18,47,525,3,234
1131,4748,2.184287,65500,18,47,526,3,234
1132,4749,2.229966,65500,18,47,529,3,234
1133,4751,2.180135,65500,18,47,520,3,234
1134,4752,2.234119,65500,18,47,528,3,234
1135,4753,2.217508,65501,18,47,532,3,234
1136,4755,2.175982,65500,18,47,531,3,234
1137,4756,2.225814,65499,18,47,530,3,234
1138,4757,2.242424,65500,18,47,522,3,234
1139,4758,2.221661,65500,18,47,535,3,234
1140,4759,2.225814,65500,18,47,523,3,234
1141,4760,2.188440,65500,18,47,520,3,234
1142,4762,2.209203,65499,18,47,523,3,234
1143,4764,2.229966,65500,18,47,523,3,234
1144,4765,2.217508,65500,18,47,530,3,234
1145,4766,2.213356,65499,18,47,521,3,234
1146,4767,2.221661,65499,18,47,522,3,234
1147,4768,2.229966,65499,18,47,522,3,234
1148,4769,2.184287,65500,18,47,522,3,234
1149,4771,2.217508,65500,18,47,524,3,234
1150,4772,2.180135,65500,18,47,522,3,234
1151,4773,2.175982,65500,18,47,524,3,234
1152,4774,2.221661,65500,18,47,524,3,234
1153,4775,2.217508,65499,18,47,522,3,234
1154,4776,2.229966,65499,18,46,528,3,234
1155,4777,2.229966,65499,18,46,531,3,234
1156,4778,2.200898,65500,18,46,529,3,234
1157,4780,2.188440,65499,18,46,527,3,234
1158,4781,2.229966,65500,18,46,524,3,234
1159,4782,2.180135,65499,18,46,535,3,234
1160,4783,2.196745,65499,18,46,531,3,234
1161,4785,2.192593,65500,18,46,523,3,234
1162,4788,2.238272,65499,18,46,521,3,234
1163,4789,2.229966,65499,18,46,521,3,234
1164,4790,2.238272,65499,18,45,534,3,234
1165,4793,2.225814,65499,18,45,521,3,234
1166,4794,2.234119,65499,18,45,521,3,234
1167,4796,2.209203,65499,18,45,531,3,234
1168,4797,2.221661,65500,18,45,522,3,234
1169,4799,2.229966,65499,18,45,529,3,234
1170,4806,2.180135,65499,18,45,534,3,234
1171,4810,2.196745,65499,18,45,533,3,234
1172,4815,2.192593,65499,18,45,535,3,234
1173,4817,2.192593,65499,18,45,525,3,234
1174,4819,2.221661,65499,18,45,533,3,234
1175,4823,2.192593,65499,18,45,521,3,234
1176,4824,2.229966,65500,18,45,520,3,234
1177,4825,2.225814,65498,18,45,532,3,234
1178,4826,2.188440,65499,18,45,520,3,234
1179,4827,2.196745,65500,18,45,534,3,234
1180,4828,2.234119,65499,18,45,532,3,234
1181,4830,2.175982,65499,18,45,528,3,234
1182,4831,2.184287,65499,18,45,533,3,234
1183,4832,2.184287,65498,18,45,520,3,234
1184,4833,2.229966,65499,18,45,520,3,234
1185,4834,2.171829,65499,18,45,528,3,234
1186,4835,2.180135,65500,18,45,531,3,234
1187,4837,2.184287,65500,18,45,525,3,234
1188,4838,2.205051,65499,18,45,533,3,234
1189,4839,2.171829,65499,18,45,524,3,234
1190,4840,2.217508,65500,18,45,530,3,234
1191,4841,2.229966,65499,18,45,531,3,234
1192,4842,2.209203,65500,18,45,523,3,234
1193,4843,2.180135,65499,18,45,531,3,234
1194,4844,2.175982,65499,18,45,520,3,234
1195,4846,2.171829,65500,18,45,524,3,234
1196,4847,2.234119,65499,18,45,521,3,234
1197,4848,2.209203,65499,18,45,535,3,234
1198,4849,2.229966,65499,18,45,520,3,234
1199,4850,2.209203,65500,18,45,533,3,234
1200,4851,2.234119,65499,18,45,525,3,234
1201,4852,2.225814,65499,18,45,536,3,234
1202,4855,2.180135,65499,18,45,526,3,234
1203,4856,2.171829,65498,18,45,534,3,234
1204,4864,2.221661,65499,18,45,525,3,234
1205,4865,2.192593,65498,18,46,531,3,234
1206,4866,2.213356,65499,18,46,520,3,234
1207,4873,2.225814,65500,18,46,520,3,234
1208,4878,2.234119,65500,18,46,530,3,234
1209,4882,2.171829,65499,18,46,535,3,234
1210,4888,2.221661,65499,18,46,529,3,234
1211,4890,2.225814,65499,18,46,527,3,234
1212,4892,2.167677,65500,18,47,535,3,234
1213,4901,2.171829,65499,18,47,520,3,234
1214,4908,2.192593,65500,18,46,530,3,234
1215,4909,2.171829,65500,18,46,525,3,234
1216,4913,2.225814,65500,18,46,520,3,234
1217,4922,2.171829,65498,18,46,522,3,234
1218,4931,2.217508,65500,18,46,526,3,234
1219,4935,2.167677,65500,18,46,519,3,234
1220,4941,2.205051,65499,18,46,534,3,234
1221,4946,2.196745,65499,18,46,533,3,234
1222,4956,2.200898,65500,18,46,533,3,234
1223,4960,2.175982,65501,18,46,519,3,234
1224,4967,2.225814,65499,18,46,532,3,234
1225,4972,2.209203,65500,18,46,525,3,234
1226,4973,2.184287,65500,18,46,529,3,234
1227,4974,2.167677,65501,18,46,532,3,234
1228,4979,2.229966,65499,18,46,532,3,234
1229,4980,2.196745,65501,18,46,520,3,234
1230,4982,2.163524,65500,18,46,521,3,234
1231,4987,2.229966,65501,18,46,519,3,234
1232,4988,2.217508,65502,18,46,528,3,234
1233,4992,2.192593,65500,18,46,528,3,234
1234,4996,2.221661,65501,18,46,524,3,234
1235,4998,2.196745,65500,18,46,530,3,234
1236,5000,2.225814,65501,18,46,530,3,234
1237,5001,2.167677,65500,18,46,519,3,234
1238,5003,2.163524,65501,18,46,528,3,234
1239,5004,2.175982,65500,18,46,524,3,234
1240,5005,2.167677,65500,18,46,520,3,234
1241,5006,2.171829,65499,18,46,521,3,234
1242,5007,2.205051,65500,18,46,525,3,234
1243,5008,2.184287,65500,18,46,519,3,234
1244,5009,2.188440,65500,18,46,518,3,234
1245,5010,2.167677,65500,18,46,518,3,234
1246,5012,2.180135,65501,18,46,531,3,234
1247,5014,2.167677,65500,18,46,521,3,234
1248,5015,2.180135,65500,18,46,518,3,234
1249,5016,2.225814,65500,18,46,531,3,234
1250,5017,2.167677,65500,18,46,518,3,234
1251,5020,2.163524,65499,18,46,519,3,234
1252,5021,2.196745,65499,18,46,518,3,234
1253,5022,2.225814,65500,18,46,533,3,234
1254,5023,2.217508,65500,18,46,532,3,234
1255,5024,2.196745,65501,18,46,529,3,234
1256,5025,2.167677,65500,18,46,520,3,234
1257,5026,2.196745,65500,18,46,530,3,234
1258,5028,2.167677,65500,18,46,530,3,234
1259,5029,2.225814,65501,18,46,527,3,234
1260,5030,2.200898,65501,18,46,533,3,234
1261,5031,2.171829,65501,18,46,532,3,234
1262,5032,2.196745,65500,18,46,518,3,234
1263,5033,2.217508,65500,18,46,517,3,234
1264,5034,2.205051,65500,18,46,519,3,234
1265,5035,2.217508,65500,18,46,530,3,234
1266,5038,2.167677,65500,18,46,524,3,234
1267,5039,2.213356,65500,18,46,527,3,234
1268,5040,2.192593,65502,18,46,524,3,234
1269,5041,2.205051,65501,18,46,518,3,234
1270,5045,2.213356,65500,18,46,529,3,234
1271,5046,2.171829,65500,18,46,522,3,234
1272,5047,2.221661,65501,18,46,530,3,234
1273,5048,2.192593,65499,18,46,533,3,234
1274,5049,2.221661,65501,18,46,533,3,234
1275,5050,2.234119,65500,18,46,531,3,234
1276,5051,2.217508,65500,18,46,518,3,234
1277,5053,2.200898,65500,18,46,521,3,234
1278,5054,2.188440,65500,18,46,521,3,234
1279,5055,2.188440,65499,18,46,519,3,234
1280,5056,2.192593,65500,18,46,522,3,234
1281,5057,2.184287,65499,18,46,533,3,234
1282,5058,2.221661,65499,18,46,518,3,234
1283,5059,2.171829,65500,18,46,518,3,234
1284,5060,2.175982,65500,18,46,527,3,234
1285,5062,2.175982,65500,18,46,520,3,234
1286,5063,2.184287,65500,18,46,519,3,234
1287,5064,2.221661,65500,18,46,526,3,234
1288,5065,2.213356,65500,18,46,529,3,234
1289,5066,2.200898,65499,18,46,525,3,234
1290,5067,2.171829,65501,18,46,522,3,234
1291,5069,2.171829,65500,18,46,532,3,234
1292,5070,2.225814,65499,18,46,528,3,234
1293,5071,2.196745,65501,18,46,530,3,234
1294,5072,2.205051,65500,18,46,526,3,234
1295,5073,2.180135,65500,18,46,533,3,234
1296,5074,2.167677,65500,18,46,524,3,234
1297,5075,2.213356,65501,18,46,518,3,234
1298,5076,2.217508,65501,18,46,525,3,234
1299,5079,2.217508,65501,18,46,517,3,234
1300,5081,2.163524,65501,18,46,520,3,234
1301,5082,2.171829,65501,18,46,520,3,234
1302,5083,2.213356,65501,18,46,529,3,234
1303,5084,2.163524,65501,18,46,523,3,234
1304,5085,2.163524,65500,18,46,525,3,234
1305,5088,2.175982,65501,18,46,522,3,234
1306,5092,2.217508,65501,18,46,517,3,234
1307,5095,2.221661,65502,18,46,517,3,234
1308,5096,2.167677,65501,18,46,518,3,234
1309,5099,2.196745,65500,18,46,529,3,234
1310,5100,2.163524,65500,18,46,531,3,234
1311,5105,2.213356,65501,18,46,532,3,234
1312,5108,2.213356,65501,18,46,519,3,234
1313,5113,2.217508,65500,18,46,518,3,234
1314,5117,2.171829,65501,18,46,519,3,234
1315,5120,2.209203,65501,18,46,532,3,234
1316,5121,2.167677,65502,18,46,528,3,234
1317,5122,2.159371,65501,18,46,517,3,234
1318,5123,2.171829,65502,18,46,525,3,234
1319,5124,2.200898,65501,18,46,524,3,234
1320,5125,2.188440,65501,18,46,526,3,234
1321,5126,2.217508,65501,18,46,517,3,234
1322,5128,2.159371,65501,18,46,526,3,234
1323,5129,2.163524,65501,18,46,521,3,234
1324,5130,2.209203,65501,18,46,523,3,234
1325,5131,2.163524,65501,18,46,518,3,234
1326,5133,2.217508,65500,18,46,531,3,234
1327,5135,2.159371,65501,18,46,527,3,234
1328,5136,2.217508,65501,18,46,526,3,234
1329,5137,2.175982,65501,18,46,519,3,234
1330,5138,2.217508,65500,18,46,524,3,234
1331,5139,2.188440,65501,18,46,519,3,234
1332,5140,2.171829,65501,18,46,522,3,234
1333,5141,2.209203,65501,18,46,516,3,234
1334,5142,2.171829,65501,18,46,527,3,234
1335,5145,2.175982,65502,18,46,522,3,234
1336,5146,2.167677,65500,18,46,531,3,234
1337,5147,2.167677,65502,18,46,523,3,234
1338,5148,2.217508,65501,18,46,518,3,234
1339,5149,2.213356,65501,18,46,518,3,234
1340,5151,2.184287,65502,18,46,531,3,234
1341,5153,2.171829,65501,18,46,521,3,234
1342,5154,2.171829,65501,18,46,516,3,234
1343,5155,2.225814,65501,18,46,531,3,234
1344,5157,2.159371,65500,18,46,519,3,234
1345,5158,2.200898,65501,18,46,528,3,234
1346,5160,2.200898,65501,18,46,526,3,234
1347,5161,2.163524,65501,18,46,516,3,234
1348,5162,2.192593,65501,18,46,526,3,234
1349,5164,2.192593,65501,18,46,519,3,234
1350,5165,2.205051,65502,18,46,516,3,234
1351,5166,2.171829,65500,18,46,530,3,234
1352,5167,2.192593,65500,18,46,527,3,234
1353,5169,2.163524,65500,18,46,530,3,234
1354,5170,2.217508,65502,18,46,516,3,234
1355,5171,2.159371,65501,18,46,529,3,234
1356,5172,2.200898,65501,18,46,519,3,234
1357,5173,2.163524,65501,18,46,531,3,234
1358,5174,2.163524,65501,18,46,523,3,234
1359,5175,2.205051,65500,18,46,529,3,234
1360,5176,2.200898,65500,18,46,522,3,234
1361,5178,2.196745,65500,18,46,521,3,234
1362,5179,2.180135,65500,18,46,527,3,234
1363,5181,2.180135,65501,18,46,530,3,234
1364,5182,2.184287,65501,18,46,519,3,234
1365,5183,2.196745,65501,18,46,530,3,234
1366,5187,2.159371,65501,18,46,531,3,234
1367,5188,2.180135,65501,18,46,529,3,234
1368,5189,2.217508,65501,18,46,517,3,234
1369,5190,2.184287,65500,18,46,520,3,234
1370,5191,2.155219,65501,18,46,528,3,234
1371,5192,2.159371,65501,18,46,520,3,234
1372,5194,2.167677,65500,18,46,532,3,234
1373,5198,2.184287,65501,18,46,531,3,234
1374,5203,2.184287,65501,18,47,531,3,234
1375,5204,2.221661,65501,18,47,524,3,234
1376,5206,2.200898,65501,18,47,517,3,234
1377,5207,2.188440,65502,18,47,525,3,234
1378,5210,2.213356,65501,18,46,516,3,234
1379,5211,2.196745,65502,18,47,516,3,234
1380,5212,2.209203,65501,18,47,518,3,234
1381,5213,2.159371,65501,18,47,516,3,234
1382,5214,2.213356,65501,18,47,516,3,234
1383,5215,2.184287,65502,18,47,516,3,234
1384,5216,2.196745,65501,18,47,517,3,234
1385,5217,2.200898,65501,18,47,520,3,234
1386,5219,2.213356,65502,18,47,519,3,234
1387,5220,2.213356,65501,18,47,524,3,234
1388,5221,2.188440,65500,18,47,530,3,234
1389,5222,2.205051,65500,18,47,515,3,234
1390,5223,2.205051,65500,18,47,525,3,234
1391,5224,2.200898,65502,18,47,528,3,234
1392,5225,2.184287,65502,18,47,524,3,234
1393,5226,2.159371,65502,18,47,519,3,234
1394,5228,2.167677,65501,18,47,521,3,234
1395,5229,2.188440,65501,18,47,520,3,234
1396,5230,2.188440,65502,18,47,528,3,234
1397,5231,2.196745,65501,18,47,530,3,234
1398,5232,2.200898,65500,18,47,522,3,234
1399,5233,2.171829,65502,18,47,530,3,234
1400,5235,2.171829,65500,18,47,529,3,234
1401,5236,2.184287,65500,18,46,523,3,234
1402,5237,2.163524,65501,18,46,528,3,234
1403,5238,2.192593,65501,18,46,516,3,234
1404,5239,2.155219,65501,18,46,519,3,234
1405,5240,2.196745,65501,18,46,515,3,234
1406,5241,2.192593,65502,18,46,519,3,234
1407,5242,2.213356,65502,18,46,528,3,234
1408,5244,2.209203,65503,18,46,523,3,234
1409,5245,2.213356,65502,18,46,524,3,234
1410,5246,2.163524,65501,18,46,530,3,234
1411,5247,2.213356,65501,18,46,528,3,234
1412,5248,2.167677,65502,18,46,529,3,234
1413,5249,2.159371,65502,18,46,530,3,234
1414,5250,2.155219,65502,18,46,529,3,234
1415,5251,2.213356,65502,18,46,529,3,234
1416,5253,2.155219,65501,18,46,524,3,234
1417,5254,2.155219,65501,18,46,518,3,234
1418,5255,2.205051,65501,18,46,516,3,234
1419,5256,2.171829,65501,18,46,524,3,234
1420,5261,2.175982,65502,18,47,526,3,234
1421,5262,2.163524,65501,18,47,516,3,234
1422,5263,2.180135,65501,18,47,517,3,234
1423,5264,2.205051,65501,18,47,527,3,234
1424,5265,2.200898,65501,18,47,527,3,234
1425,5266,2.213356,65501,18,47,524,3,234
1426,5267,2.159371,65501,18,47,515,3,234
1427,5269,2.200898,65501,18,47,530,3,234
1428,5272,2.196745,65501,18,47,515,3,234
1429,5273,2.217508,65501,18,47,518,3,234
1430,5274,2.205051,65501,18,47,516,3,234
1431,5276,2.184287,65501,18,47,519,3,234
1432,5277,2.184287,65500,18,47,515,3,234
1433,5278,2.200898,65501,18,47,516,3,234
1434,5279,2.171829,65501,18,47,527,3,234
1435,5280,2.209203,65502,18,47,522,3,234
1436,5281,2.205051,65501,18,47,525,3,234
1437,5282,2.209203,65500,18,47,526,3,234
1438,5283,2.167677,65502,18,47,530,3,234
1439,5285,2.155219,65501,18,47,522,3,234
1440,5286,2.209203,65501,18,47,515,3,234
1441,5287,2.196745,65502,18,47,519,3,234
1442,5288,2.213356,65502,18,47,529,3,234
1443,5289,2.209203,65501,18,47,529,3,234
1444,5290,2.217508,65502,18,47,519,3,234
1445,5291,2.213356,65501,18,47,525,3,234
1446,5292,2.155219,65501,18,47,528,3,234
1447,5294,2.213356,65501,18,47,519,3,234
1448,5296,2.213356,65501,18,47,523,3,234
1449,5297,2.175982,65502,18,47,524,3,234
1450,5298,2.155219,65501,18,47,528,3,234
1451,5299,2.159371,65501,18,47,527,3,234
1452,5301,2.196745,65501,18,47,531,3,234
1453,5302,2.188440,65500,18,47,515,3,234
1454,5303,2.171829,65501,18,47,527,3,234
1455,5304,2.213356,65501,18,46,524,3,234
1456,5305,2.175982,65501,18,46,530,3,234
1457,5306,2.188440,65502,18,46,521,3,234
1458,5307,2.192593,65501,18,46,515,3,234
1459,5308,2.213356,65501,18,46,528,3,234
1460,5310,2.213356,65500,18,46,519,3,234
1461,5311,2.159371,65501,18,46,515,3,234
1462,5312,2.184287,65500,18,46,529,3,234
1463,5313,2.171829,65501,18,46,526,3,234
1464,5314,2.163524,65500,18,46,526,3,234
1465,5315,2.159371,65501,18,46,529,3,234
1466,5317,2.155219,65499,18,46,516,3,234
1467,5319,2.159371,65501,18,46,526,3,234
1468,5320,2.196745,65501,18,46,517,3,234
1469,5321,2.213356,65501,18,46,516,3,234
1470,5322,2.180135,65501,18,46,519,3,234
1471,5323,2.209203,65501,18,46,517,3,234
1472,5324,2.151066,65501,18,46,525,3,234
1473,5326,2.180135,65500,18,46,528,3,234
1474,5327,2.200898,65501,18,46,529,3,234
1475,5328,2.209203,65501,18,46,526,3,234
1476,5331,2.196745,65501,18,46,525,3,234
1477,5332,2.171829,65501,18,46,526,3,234
1478,5333,2.217508,65501,18,46,523,3,234
1479,5335,2.205051,65501,18,46,526,3,234
1480,5336,2.155219,65502,18,47,528,3,234
1481,5337,2.196745,65501,18,47,526,3,234
1482,5338,2.200898,65501,18,47,519,3,234
1483,5339,2.171829,65502,18,47,515,3,234
1484,5341,2.163524,65501,18,47,528,3,234
1485,5342,2.205051,65502,18,47,528,3,234
1486,5344,2.213356,65501,18,47,525,3,234
1487,5345,2.209203,65501,18,47,519,3,234
1488,5346,2.184287,65500,18,47,526,3,234
1489,5347,2.155219,65501,18,46,526,3,234
1490,5348,2.213356,65501,18,46,514,3,234
1491,5349,2.171829,65500,18,47,525,3,234
1492,5351,2.213356,65501,18,47,516,3,234
1493,5352,2.205051,65501,18,46,516,3,234
1494,5353,2.184287,65501,18,46,528,3,234
1495,5354,2.200898,65500,18,46,528,3,234
1496,5355,2.213356,65500,18,46,514,3,234
1497,5356,2.159371,65501,18,47,514,3,234
1498,5357,2.151066,65500,18,47,518,3,234
1499,5360,2.155219,65500,18,47,519,3,234
1500,5361,2.192593,65501,18,47,529,3,234
1501,5362,2.205051,65501,18,47,526,3,234
1502,5363,2.188440,65500,18,47,516,3,234
1503,5364,2.171829,65500,18,47,526,3,234
1504,5365,2.180135,65501,18,46,519,3,234
1505,5366,2.159371,65501,18,46,528,3,234
1506,5367,2.205051,65500,18,46,516,3,234
1507,5369,2.192593,65500,18,46,529,3,234
1508,5370,2.213356,65501,18,46,514,3,234
1509,5371,2.159371,65501,18,46,517,3,234
1510,5374,2.209203,65501,18,46,528,3,234
1511,5376,2.175982,65501,18,46,525,3,234
1512,5377,2.151066,65501,18,46,528,3,234
1513,5378,2.167677,65502,18,46,526,3,234
1514,5379,2.205051,65502,18,46,527,3,234
1515,5380,2.213356,65501,18,46,520,3,234
1516,5381,2.151066,65501,18,46,522,3,234
1517,5382,2.209203,65502,18,46,528,3,234
1518,5383,2.151066,65501,18,46,524,3,234
1519,5385,2.192593,65501,18,46,528,3,234
1520,5386,2.188440,65501,18,46,515,3,234
1521,5387,2.200898,65501,18,46,523,3,234
1522,5388,2.167677,65502,18,46,519,3,234
1523,5389,2.151066,65501,18,46,520,3,234
1524,5390,2.209203,65502,18,46,529,3,234
1525,5392,2.155219,65501,18,46,525,3,234
1526,5393,2.213356,65502,18,46,515,3,234
1527,5394,2.155219,65502,18,46,518,3,234
1528,5395,2.192593,65501,18,46,517,3,234
1529,5396,2.184287,65501,18,46,522,3,234
1530,5397,2.175982,65501,18,46,522,3,234
1531,5398,2.200898,65501,18,46,519,3,234
1532,5399,2.159371,65501,18,46,524,3,234
1533,5401,2.151066,65502,18,46,514,3,234
1534,5402,2.188440,65501,18,47,516,3,234
1535,5403,2.151066,65502,18,47,517,3,234
1536,5404,2.196745,65501,18,47,523,3,234
1537,5405,2.151066,65501,18,47,522,3,234
1538,5410,2.163524,65502,18,47,518,3,234
1539,5413,2.192593,65502,18,47,515,3,234
1540,5414,2.151066,65503,18,47,529,3,234
1541,5415,2.155219,65502,18,47,516,3,234
1542,5417,2.155219,65502,18,47,525,3,234
1543,5418,2.213356,65502,18,47,515,3,234
1544,5421,2.209203,65502,18,47,515,3,234
1545,5422,2.180135,65501,18,47,517,3,234
1546,5423,2.163524,65503,18,47,528,3,234
1547,5427,2.209203,65502,18,47,515,3,234
1548,5430,2.151066,65502,18,47,526,3,234
1549,5433,2.209203,65501,18,47,527,3,234
1550,5435,2.155219,65501,18,47,524,3,234
1551,5436,2.155219,65502,18,47,513,3,234
1552,5437,2.171829,65502,18,47,514,3,234
1553,5438,2.146914,65501,18,47,517,3,234
1554,5439,2.184287,65502,18,47,527,3,234
1555,5440,2.192593,65502,18,47,513,3,234
1556,5442,2.155219,65501,18,47,521,3,234
1557,5443,2.151066,65501,18,47,525,3,234
1558,5444,2.192593,65501,18,47,527,3,234
1559,5445,2.175982,65502,18,47,524,3,234
1560,5446,2.205051,65501,18,47,527,3,234
1561,5447,2.151066,65502,18,47,525,3,234
1562,5448,2.200898,65501,18,47,523,3,234
1563,5449,2.151066,65501,18,47,517,3,234
1564,5451,2.146914,65501,18,47,514,3,234
1565,5452,2.205051,65501,18,47,514,3,234
1566,5453,2.209203,65502,18,47,527,3,234
1567,5454,2.151066,65501,18,47,525,3,234
1568,5455,2.205051,65500,18,47,524,3,234
1569,5456,2.196745,65500,18,47,521,3,234
1570,5457,2.200898,65500,18,47,527,3,234
1571,5458,2.155219,65500,18,47,526,3,234
1572,5460,2.180135,65500,18,47,514,3,234
1573,5461,2.188440,65501,18,47,525,3,234
1574,5462,2.196745,65501,18,47,517,3,234
1575,5463,2.209203,65501,18,47,514,3,234
1576,5464,2.159371,65501,18,47,518,3,234
1577,5465,2.155219,65501,18,47,513,3,234
1578,5468,2.146914,65500,18,47,520,3,234
1579,5469,2.200898,65500,18,47,526,3,234
1580,5470,2.196745,65500,18,47,528,3,234
1581,5472,2.151066,65501,18,46,526,3,234
1582,5473,2.151066,65500,18,46,521,3,234
1583,5474,2.151066,65501,18,46,519,3,234
1584,5476,2.175982,65501,18,46,521,3,234
1585,5477,2.196745,65502,18,46,514,3,234
1586,5478,2.188440,65502,18,46,523,3,234
1587,5479,2.196745,65501,18,47,527,3,234
1588,5480,2.155219,65502,18,47,514,3,234
1589,5481,2.205051,65501,18,47,514,3,234
1590,5482,2.188440,65502,18,47,519,3,234
1591,5483,2.167677,65501,18,47,513,3,234
1592,5485,2.196745,65501,18,47,528,3,234
1593,5486,2.159371,65501,18,47,527,3,234
1594,5487,2.175982,65501,18,47,529,3,234
1595,5488,2.209203,65502,18,47,513,3,234
1596,5489,2.146914,65501,18,47,513,3,234
1597,5490,2.184287,65501,18,47,523,3,234
1598,5492,2.205051,65501,18,47,519,3,234
1599,5493,2.159371,65501,18,47,525,3,234
1600,5494,2.209203,65501,18,47,524,3,234
1601,5495,2.184287,65501,18,47,525,3,234
1602,5496,2.171829,65501,18,47,520,3,234
1603,5497,2.200898,65501,18,47,514,3,234
1604,5498,2.200898,65502,18,47,528,3,234
1605,5499,2.200898,65501,18,47,527,3,234
1606,5501,2.146914,65502,18,47,516,3,234
1607,5502,2.146914,65502,18,47,516,3,234
1608,5503,2.200898,65501,18,47,527,3,234
1609,5504,2.146914,65502,18,47,527,3,234
1610,5505,2.146914,65501,18,47,513,3,234
1611,5510,2.167677,65502,18,47,524,3,234
1612,5511,2.209203,65501,18,47,524,3,234
1613,5512,2.196745,65501,18,47,517,3,234
1614,5513,2.196745,65501,18,47,514,3,234
1615,5514,2.151066,65500,18,47,520,3,234
1616,5515,2.163524,65500,18,47,514,3,234
1617,5517,2.209203,65501,18,47,514,3,234
1618,5518,2.205051,65502,18,47,513,3,234
1619,5521,2.192593,65502,18,47,513,3,234
1620,5522,2.200898,65503,18,47,513,3,234
1621,5523,2.151066,65503,18,47,520,3,234
1622,5524,2.184287,65502,18,47,524,3,234
1623,5526,2.200898,65503,18,47,526,3,234
1624,5531,2.192593,65502,18,47,521,3,234
1625,5536,2.200898,65502,18,47,513,3,234
1626,5538,2.151066,65503,18,47,513,3,234
1627,5539,2.205051,65503,18,47,525,3,234
1628,5543,2.205051,65503,17,47,524,3,234
1629,5544,2.159371,65503,17,47,513,3,234
1630,5548,2.146914,65504,17,47,527,3,234
1631,5554,2.205051,65504,17,48,515,3,234
1632,5560,2.192593,65503,17,48,526,3,234
1633,5569,2.192593,65502,17,48,527,3,234
1634,5571,2.192593,65503,17,48,527,3,234
1635,5581,2.196745,65502,17,48,513,3,234
1636,5586,2.146914,65502,17,48,513,3,234
1637,5592,2.196745,65503,17,48,513,3,234
1638,5596,2.180135,65503,17,48,528,3,234
1639,5597,2.142761,65503,17,48,525,3,234
1640,5599,2.196745,65502,17,48,526,3,234
1641,5604,2.200898,65503,17,48,518,3,234
1642,5609,2.175982,65502,17,48,516,3,234
1643,5613,2.146914,65503,17,48,513,3,234
1644,5617,2.196745,65503,17,48,517,3,234
1645,5619,2.146914,65503,17,48,524,3,234
1646,5622,2.167677,65503,17,48,523,3,234
1647,5624,2.192593,65503,17,48,523,3,234
1648,5626,2.138608,65502,17,48,523,3,234
1649,5627,2.180135,65502,17,48,521,3,234
1650,5628,2.196745,65503,17,48,519,3,234
1651,5630,2.171829,65503,17,48,521,3,234
1652,5631,2.138608,65503,17,48,524,3,234
1653,5633,2.184287,65503,17,48,522,3,234
1654,5634,2.167677,65502,17,48,524,3,234
1655,5635,2.171829,65503,17,48,523,3,234
1656,5636,2.175982,65503,17,48,513,3,234
1657,5637,2.192593,65503,17,48,523,3,234
1658,5638,2.163524,65503,17,48,511,3,234
1659,5640,2.180135,65503,17,48,519,3,234
1660,5643,2.188440,65503,17,48,512,3,234
1661,5644,2.171829,65503,17,48,520,3,234
1662,5645,2.196745,65503,17,48,522,3,234
1663,5646,2.175982,65503,17,48,525,3,234
1664,5649,2.163524,65503,17,48,523,3,234
1665,5650,2.159371,65504,17,48,513,3,234
1666,5651,2.196745,65502,17,48,521,3,234
1667,5652,2.200898,65504,17,48,525,3,234
1668,5653,2.142761,65502,17,48,523,3,234
1669,5654,2.200898,65503,17,48,511,3,234
1670,5655,2.142761,65503,17,48,525,3,234
1671,5656,2.167677,65502,17,48,523,3,234
1672,5658,2.146914,65503,17,48,526,3,234
1673,5659,2.188440,65502,17,48,525,3,234
1674,5660,2.146914,65503,17,48,525,3,234
1675,5661,2.175982,65503,17,48,518,3,234
1676,5662,2.175982,65504,17,48,517,3,234
1677,5663,2.196745,65504,17,48,511,3,234
1678,5664,2.167677,65503,17,48,526,3,234
1679,5667,2.196745,65504,17,48,512,3,234
1680,5670,2.188440,65504,17,48,524,3,234
1681,5671,2.155219,65503,17,48,518,3,234
1682,5672,2.138608,65503,17,48,526,3,234
1683,5674,2.196745,65504,17,48,511,3,234
1684,5677,2.159371,65503,17,48,526,3,234
1685,5680,2.200898,65503,17,48,511,3,234
1686,5681,2.167677,65503,17,48,525,3,234
1687,5684,2.184287,65504,17,48,515,3,234
1688,5685,2.171829,65503,17,48,522,3,234
1689,5690,2.175982,65503,17,48,511,3,234
1690,5695,2.192593,65503,17,48,517,3,234
1691,5696,2.184287,65504,17,48,524,3,234
1692,5708,2.146914,65503,17,49,517,3,234
1693,5709,2.159371,65503,17,49,512,3,234
1694,5711,2.192593,65504,17,49,524,3,234
1695,5712,2.138608,65503,17,49,526,3,234
1696,5713,2.138608,65504,17,49,511,3,234
1697,5719,2.159371,65503,17,49,513,3,234
1698,5720,2.138608,65503,17,49,511,3,234
1699,5724,2.200898,65503,17,49,520,3,234
1700,5725,2.200898,65503,17,49,522,3,234
1701,5727,2.163524,65504,17,49,510,3,234
1702,5731,2.134456,65504,17,49,510,3,234
1703,5734,2.171829,65503,17,49,525,3,234
1704,5738,2.200898,65503,17,49,522,3,234
1705,5743,2.184287,65503,17,49,524,3,234
1706,5744,2.180135,65503,17,49,515,3,234
1707,5746,2.192593,65504,17,49,516,3,234
1708,5747,2.142761,65504,17,49,524,3,234
1709,5749,2.188440,65504,17,49,517,3,234
1710,5750,2.146914,65503,17,49,521,3,234
1711,5751,2.192593,65503,17,49,510,3,234
1712,5752,2.192593,65504,17,49,522,3,234
1713,5753,2.138608,65504,17,49,522,3,234
1714,5754,2.167677,65504,17,49,517,3,234
1715,5755,2.134456,65503,17,49,524,3,234
1716,5756,2.138608,65505,17,49,512,3,234
1717,5758,2.159371,65502,17,49,525,3,234
1718,5759,2.192593,65503,17,49,522,3,234
1719,5760,2.200898,65504,17,49,518,3,234
1720,5761,2.151066,65503,17,49,524,3,234
1721,5762,2.192593,65503,17,49,513,3,234
1722,5763,2.192593,65505,17,49,519,3,234
1723,5765,2.146914,65503,17,49,512,3,234
1724,5766,2.138608,65504,17,49,520,3,234
1725,5767,2.138608,65504,17,49,517,3,234
1726,5768,2.184287,65505,17,48,510,3,234
1727,5769,2.196745,65504,17,48,511,3,234
1728,5770,2.167677,65505,17,48,517,3,234
1729,5771,2.159371,65504,17,48,511,3,234
1730,5772,2.146914,65504,17,48,522,3,234
1731,5774,2.196745,65504,17,48,510,3,234
1732,5775,2.184287,65504,17,48,510,3,234
1733,5776,2.188440,65503,17,48,511,3,234
1734,5777,2.180135,65503,17,48,520,3,234
1735,5778,2.151066,65503,17,48,524,3,234
1736,5779,2.134456,65504,17,48,524,3,234
1737,5780,2.151066,65503,17,48,515,3,234
1738,5781,2.192593,65503,17,48,518,3,234
1739,5783,2.188440,65504,17,48,512,3,234
1740,5785,2.192593,65503,17,48,521,3,234
1741,5786,2.192593,65503,17,48,524,3,234
1742,5787,2.159371,65504,17,48,519,3,234
1743,5788,2.163524,65504,17,48,519,3,234
1744,5790,2.142761,65503,17,48,523,3,234
1745,5791,2.159371,65504,17,48,521,3,234
1746,5792,2.134456,65504,17,48,520,3,234
1747,5793,2.138608,65504,17,48,511,3,234
1748,5794,2.138608,65504,17,48,524,3,234
1749,5795,2.192593,65504,17,48,523,3,234
1750,5796,2.175982,65505,17,48,524,3,234
1751,5797,2.192593,65504,17,48,523,3,234
1752,5799,2.175982,65504,17,48,516,3,234
1753,5800,2.175982,65503,18,48,510,3,234
1754,5801,2.163524,65504,18,48,516,3,234
1755,5802,2.151066,65504,18,48,521,3,234
1756,5803,2.134456,65503,18,48,518,3,234
1757,5804,2.134456,65504,17,48,509,3,234
1758,5805,2.163524,65503,17,48,510,3,234
1759,5806,2.175982,65503,17,48,522,3,234
1760,5808,2.134456,65503,17,48,509,3,234
1761,5809,2.138608,65505,17,48,511,3,234
1762,5810,2.138608,65504,17,48,522,3,234
1763,5811,2.188440,65505,17,48,524,3,234
1764,5812,2.180135,65505,17,48,510,3,234
1765,5813,2.175982,65505,17,48,510,3,234
1766,5815,2.192593,65504,17,48,514,3,234
1767,5816,2.192593,65504,17,48,509,3,234
1768,5817,2.130303,65504,17,48,523,3,234
1769,5818,2.146914,65504,17,48,517,3,234
1770,5819,2.138608,65504,17,48,515,3,234
1771,5820,2.188440,65503,17,48,521,3,234
1772,5821,2.175982,65504,17,48,512,3,234
1773,5822,2.138608,65504,17,48,511,3,234
1774,5824,2.180135,65504,17,48,509,3,234
1775,5825,2.175982,65504,17,48,510,3,234
1776,5826,2.175982,65505,17,48,511,3,234
1777,5827,2.188440,65503,17,48,511,3,234
1778,5828,2.146914,65504,17,48,522,3,234
1779,5829,2.159371,65503,17,48,523,3,234
1780,5830,2.171829,65503,17,48,515,3,234
1781,5831,2.188440,65504,17,48,523,3,234
1782,5833,2.180135,65504,17,48,523,3,234
1783,5834,2.167677,65503,17,48,515,3,234
1784,5835,2.188440,65504,17,48,521,3,234
1785,5836,2.167677,65504,17,48,516,3,234
1786,5837,2.142761,65503,17,48,520,3,234
1787,5838,2.146914,65503,17,48,510,3,234
1788,5840,2.188440,65504,17,48,512,3,234
1789,5841,2.155219,65505,17,48,523,3,234
1790,5842,2.171829,65504,17,48,509,3,234
1791,5843,2.155219,65505,17,48,521,3,234
1792,5844,2.175982,65504,17,48,524,3,234
1793,5845,2.180135,65504,17,48,511,3,234
1794,5846,2.146914,65505,17,48,510,3,234
1795,5847,2.188440,65505,17,48,508,3,234
1796,5849,2.130303,65504,17,48,522,3,234
1797,5850,2.167677,65505,17,48,509,3,234
1798,5851,2.134456,65505,17,48,517,3,234
1799,5852,2.167677,65504,17,48,522,3,234
1800,5853,2.134456,65504,17,48,512,3,234
1801,5854,2.142761,65504,17,48,510,3,234
1802,5855,2.163524,65504,17,48,510,3,234
1803,5856,2.188440,65504,17,48,515,3,234
1804,5859,2.188440,65504,17,48,515,3,234
1805,5860,2.184287,65504,17,48,515,3,234
1806,5861,2.155219,65504,17,48,520,3,234
1807,5862,2.142761,65504,17,48,516,3,234
1808,5866,2.171829,65504,17,48,521,3,234
1809,5867,2.146914,65504,17,48,522,3,234
1810,5868,2.134456,65504,17,48,512,3,234
1811,5869,2.138608,65504,17,48,507,3,234
1812,5870,2.142761,65504,17,48,517,3,234
1813,5871,2.130303,65504,17,48,515,3,234
1814,5872,2.184287,65504,17,48,515,3,234
1815,5874,2.188440,65504,17,48,520,3,234
1816,5875,2.167677,65503,17,48,523,3,234
1817,5876,2.146914,65504,17,48,509,3,234
1818,5877,2.171829,65504,17,48,519,3,234
1819,5878,2.146914,65503,17,48,509,3,234
1820,5879,2.184287,65503,17,48,522,3,234
1821,5880,2.180135,65503,17,48,513,3,234
1822,5882,2.151066,65504,17,48,511,3,234
1823,5883,2.180135,65503,17,48,521,3,234
1824,5884,2.130303,65504,17,48,518,3,234
1825,5885,2.180135,65504,17,48,509,3,234
1826,5886,2.175982,65503,17,49,511,3,234
1827,5887,2.180135,65503,17,49,516,3,234
1828,5888,2.188440,65503,17,49,522,3,234
1829,5890,2.163524,65503,17,49,514,3,234
1830,5891,2.155219,65503,17,49,522,3,234
1831,5892,2.167677,65504,17,49,523,3,234
1832,5893,2.130303,65504,17,49,508,3,234
1833,5894,2.142761,65504,17,49,510,3,234
1834,5895,2.151066,65503,17,49,514,3,234
1835,5896,2.171829,65503,17,49,516,3,234
1836,5897,2.130303,65504,17,48,515,3,234
1837,5899,2.180135,65503,17,48,524,3,234
1838,5900,2.126150,65503,17,48,508,3,234
1839,5901,2.130303,65503,17,48,508,3,234
1840,5902,2.134456,65502,17,48,521,3,234
1841,5903,2.167677,65503,17,48,513,3,234
1842,5904,2.167677,65503,17,48,512,3,234
1843,5906,2.180135,65504,17,48,518,3,234
1844,5907,2.142761,65504,17,48,508,3,234
1845,5908,2.175982,65504,17,48,519,3,234
1846,5909,2.155219,65503,17,48,518,3,234
1847,5910,2.159371,65503,17,48,509,3,234
1848,5911,2.159371,65504,17,48,509,3,234
1849,5912,2.130303,65503,17,48,509,3,234
1850,5913,2.171829,65504,17,48,509,3,234
1851,5915,2.188440,65503,17,48,523,3,234
1852,5916,2.142761,65504,17,48,515,3,234
1853,5917,2.180135,65504,17,48,522,3,234
1854,5918,2.130303,65504,17,48,518,3,234
1855,5919,2.134456,65503,17,48,512,3,234
1856,5920,2.167677,65504,17,48,512,3,234
1857,5921,2.180135,65503,17,48,522,3,234
1858,5922,2.175982,65503,17,49,523,3,234
1859,5924,2.180135,65503,17,49,523,3,234
1860,5925,2.151066,65504,17,49,515,3,234
1861,5926,2.184287,65503,17,49,523,3,234
1862,5928,2.159371,65503,17,49,510,3,234
1863,5932,2.171829,65503,17,49,513,3,234
1864,5933,2.130303,65504,17,49,523,3,234
1865,5934,2.163524,65504,17,49,508,3,234
1866,5935,2.134456,65504,17,49,523,3,234
1867,5936,2.167677,65504,17,49,515,3,234
1868,5937,2.180135,65504,17,49,519,3,234
1869,5938,2.155219,65504,17,49,521,3,234
1870,5941,2.142761,65503,17,49,520,3,234
1871,5945,2.167677,65503,17,50,514,3,234
1872,5946,2.159371,65504,17,50,520,3,234
1873,5947,2.134456,65503,17,50,509,3,234
1874,5949,2.134456,65503,17,50,508,3,234
1875,5950,2.146914,65504,17,50,513,3,234
1876,5951,2.171829,65504,17,50,517,3,234
1877,5952,2.175982,65503,17,50,508,3,234
1878,5953,2.146914,65503,17,50,510,3,234
1879,5954,2.188440,65503,17,50,520,3,234
1880,5956,2.142761,65503,17,50,518,3,234
1881,5957,2.188440,65503,17,49,522,3,234
1882,5958,2.184287,65502,17,49,521,3,234
1883,5959,2.151066,65503,17,49,522,3,234
1884,5960,2.184287,65503,17,49,523,3,234
1885,5961,2.184287,65504,17,49,520,3,234
1886,5963,2.126150,65503,17,49,516,3,234
1887,5965,2.138608,65504,17,49,512,3,234
1888,5966,2.130303,65503,17,49,517,3,234
1889,5967,2.159371,65504,17,49,516,3,234
1890,5968,2.167677,65503,17,49,515,3,234
1891,5971,2.184287,65503,17,49,522,3,234
1892,5972,2.126150,65504,17,49,514,3,234
1893,5974,2.159371,65504,17,49,508,3,234
1894,5975,2.171829,65504,17,49,522,3,234
1895,5976,2.159371,65504,17,49,513,3,234
1896,5977,2.184287,65503,17,49,519,3,234
1897,5978,2.167677,65503,17,49,513,3,234
1898,5979,2.134456,65504,17,49,517,3,234
1899,5981,2.142761,65502,17,49,509,3,234
1900,5983,2.126150,65504,17,49,509,3,234
1901,5984,2.130303,65504,17,49,509,3,234
1902,5985,2.175982,65504,17,49,522,3,234
1903,5986,2.146914,65503,17,49,515,3,234
1904,5987,2.180135,65503,17,49,521,3,234
1905,5988,2.180135,65503,17,49,518,3,234
1906,5991,2.180135,65503,17,49,515,3,234
1907,5992,2.126150,65503,17,49,521,3,234
1908,5993,2.121998,65504,17,49,517,3,234
1909,5994,2.184287,65504,17,49,515,3,234
1910,5995,2.175982,65504,17,49,521,3,234
1911,5996,2.175982,65503,17,49,519,3,234
1912,5997,2.130303,65504,17,49,520,3,234
1913,5999,2.184287,65504,17,49,518,3,234
1914,6000,2.167677,65503,17,49,513,3,234
1915,6001,2.130303,65504,17,49,509,3,234
1916,6002,2.151066,65504,17,49,518,3,234
1917,6003,2.171829,65504,17,49,521,3,234
1918,6004,2.151066,65503,17,49,519,3,234
1919,6006,2.167677,65503,17,49,520,3,234
1920,6007,2.142761,65503,17,49,521,3,234
1921,6009,2.138608,65503,17,49,512,3,234
1922,6010,2.134456,65503,17,49,522,3,234
1923,6011,2.134456,65503,17,49,518,3,234
1924,6012,2.126150,65503,17,49,508,3,234
1925,6013,2.175982,65502,17,49,521,3,234
1926,6015,2.146914,65503,17,49,508,3,234
1927,6016,2.163524,65503,17,49,514,3,234
1928,6017,2.159371,65503,17,49,522,3,234
1929,6018,2.138608,65504,17,49,520,3,234
1930,6019,2.138608,65502,17,49,507,3,234
1931,6020,2.142761,65503,17,49,517,3,234
1932,6022,2.184287,65504,17,49,521,3,234
1933,6023,2.175982,65503,17,49,518,3,234
1934,6024,2.175982,65503,17,49,510,3,234
1935,6025,2.175982,65503,17,49,517,3,234
1936,6026,2.171829,65503,17,49,518,3,234
1937,6027,2.130303,65503,17,49,519,3,234
1938,6028,2.175982,65504,17,49,513,3,234
1939,6029,2.121998,65504,17,49,506,3,234
1940,6031,2.138608,65503,17,49,521,3,234
1941,6032,2.121998,65504,17,49,519,3,234
1942,6033,2.180135,65504,17,49,518,3,234
1943,6034,2.175982,65503,17,49,515,3,234
1944,6035,2.151066,65503,17,49,509,3,234
1945,6036,2.142761,65503,17,49,510,3,234
1946,6037,2.167677,65503,17,49,520,3,234
1947,6038,2.159371,65502,17,49,519,3,234
1948,6040,2.126150,65503,17,49,518,3,234
1949,6041,2.138608,65502,17,49,507,3,234
1950,6042,2.121998,65503,17,49,521,3,234
1951,6043,2.126150,65502,17,49,513,3,234
1952,6044,2.163524,65502,17,49,507,3,234
1953,6045,2.159371,65502,17,49,517,3,234
1954,6047,2.138608,65504,17,49,521,3,234
1955,6048,2.138608,65503,17,49,515,3,234
1956,6049,2.180135,65503,17,49,511,3,234
1957,6050,2.121998,65504,17,49,508,3,234
1958,6051,2.180135,65503,17,49,517,3,234
1959,6052,2.142761,65503,17,49,518,3,234
1960,6053,2.134456,65503,17,49,512,3,234
1961,6054,2.126150,65502,17,49,519,3,234
1962,6056,2.134456,65503,17,49,520,3,234
1963,6057,2.134456,65502,17,48,520,3,234
1964,6058,2.180135,65503,17,48,518,3,234
1965,6059,2.180135,65501,17,48,511,3,234
1966,6060,2.138608,65503,17,48,512,3,234
1967,6066,2.171829,65502,17,48,518,3,234
1968,6068,2.138608,65503,17,48,515,3,234
1969,6069,2.155219,65502,17,48,518,3,234
1970,6070,2.167677,65503,17,48,514,3,234
1971,6072,2.180135,65502,17,48,522,3,234
1972,6073,2.126150,65502,17,48,507,3,234
1973,6074,2.171829,65503,17,48,521,3,234
1974,6077,2.121998,65502,17,48,507,3,234
1975,6078,2.180135,65503,17,48,521,3,234
1976,6083,2.175982,65502,17,48,520,3,234
1977,6084,2.121998,65502,17,48,517,3,234
1978,6085,2.171829,65502,17,48,514,3,234
1979,6088,2.180135,65503,17,48,510,3,234
1980,6090,2.151066,65503,17,48,513,3,234
1981,6091,2.121998,65502,17,48,519,3,234
1982,6092,2.121998,65502,17,48,508,3,234
1983,6093,2.167677,65503,17,48,506,3,234
1984,6094,2.175982,65502,17,48,513,3,234
1985,6095,2.167677,65503,17,48,518,3,234
1986,6097,2.126150,65502,17,48,515,3,234
1987,6098,2.159371,65503,17,48,518,3,234
1988,6099,2.175982,65502,17,48,512,3,234
1989,6100,2.175982,65503,17,48,507,3,234
1990,6101,2.117845,65503,17,48,518,3,234
1991,6102,2.167677,65502,17,48,515,3,234
1992,6103,2.142761,65502,17,48,515,3,234
1993,6104,2.142761,65502,17,48,512,3,234
1994,6106,2.163524,65502,17,48,507,3,234
1995,6107,2.121998,65501,17,48,514,3,234
1996,6109,2.175982,65502,17,48,519,3,234
1997,6110,2.121998,65501,17,48,517,3,234
1998,6111,2.146914,65501,17,48,519,3,234
1999,6112,2.163524,65502,17,48,513,3,234
2000,6113,2.121998,65502,17,48,520,3,234
2001,6116,2.171829,65501,17,48,519,3,234
2002,6117,2.163524,65502,17,48,507,3,234
2003,6118,2.167677,65501,17,48,507,3,234
2004,6119,2.121998,65502,17,48,520,3,234
2005,6120,2.175982,65502,17,48,519,3,234
2006,6122,2.171829,65502,17,48,508,3,234
2007,6123,2.159371,65502,17,48,512,3,234
2008,6125,2.151066,65502,17,48,519,3,234
2009,6129,2.167677,65502,17,48,508,3,234
2010,6132,2.126150,65502,17,48,519,3,234
2011,6134,2.126150,65503,17,48,518,3,234
2012,6135,2.175982,65503,17,48,506,3,234
2013,6136,2.151066,65502,17,48,512,3,234
2014,6138,2.126150,65501,17,48,507,3,234
2015,6140,2.167677,65502,17,48,506,3,234
2016,6141,2.117845,65502,17,48,510,3,234
2017,6142,2.155219,65502,17,48,515,3,234
2018,6143,2.134456,65501,17,48,505,3,234
2019,6144,2.175982,65501,17,48,508,3,234
2020,6145,2.159371,65503,17,48,518,3,234
2021,6147,2.126150,65503,17,48,519,3,234
2022,6148,2.117845,65501,17,48,506,3,234
2023,6149,2.175982,65502,17,48,507,3,234
2024,6150,2.167677,65502,17,48,516,3,234
2025,6151,2.163524,65502,17,48,516,3,234
2026,6152,2.138608,65502,17,48,505,3,234
2027,6153,2.121998,65502,17,48,520,3,234
2028,6156,2.167677,65502,17,48,506,3,234
2029,6157,2.121998,65501,17,48,506,3,234
2030,6158,2.175982,65501,17,48,511,3,234
2031,6159,2.175982,65502,17,48,518,3,234
2032,6160,2.167677,65501,17,48,518,3,234
2033,6161,2.117845,65501,17,48,520,3,234
2034,6163,2.171829,65502,17,48,507,3,234
2035,6164,2.155219,65502,17,48,509,3,234
2036,6165,2.171829,65501,17,48,506,3,234
2037,6166,2.126150,65502,17,48,519,3,234
2038,6167,2.171829,65501,17,48,511,3,234
2039,6168,2.171829,65502,17,48,520,3,234
2040,6169,2.151066,65501,17,48,510,3,234
2041,6170,2.121998,65502,17,48,514,3,234
2042,6175,2.151066,65502,17,48,519,3,234
2043,6176,2.134456,65501,17,48,507,3,234
2044,6177,2.155219,65502,17,48,519,3,234
2045,6178,2.126150,65503,17,48,515,3,234
2046,6179,2.146914,65502,17,49,506,3,234
2047,6181,2.155219,65503,17,49,505,3,234
2048,6182,2.117845,65502,17,49,519,3,234
2049,6183,2.117845,65502,17,49,516,3,234
2050,6184,2.138608,65503,17,49,519,3,234
2051,6185,2.171829,65502,17,49,507,3,234
2052,6186,2.163524,65502,17,49,517,3,234
2053,6189,2.163524,65503,17,48,505,3,234
2054,6190,2.121998,65503,17,48,512,3,234
2055,6191,2.113692,65502,17,48,519,3,234
2056,6193,2.146914,65502,17,48,505,3,234
2057,6194,2.171829,65503,17,48,509,3,234
2058,6195,2.134456,65503,17,49,507,3,234
2059,6198,2.142761,65503,17,48,519,3,234
2060,6199,2.126150,65502,17,48,518,3,234
2061,6200,2.142761,65502,17,48,514,3,234
2062,6201,2.134456,65502,17,48,507,3,234
2063,6202,2.151066,65502,17,49,513,3,234
2064,6203,2.113692,65503,17,49,516,3,234
2065,6204,2.117845,65502,17,49,516,3,234
2066,6206,2.113692,65503,17,49,513,3,234
2067,6208,2.155219,65503,17,49,507,3,234
2068,6209,2.117845,65502,17,49,518,3,234
2069,6210,2.163524,65503,17,49,507,3,234
2070,6211,2.146914,65502,17,49,519,3,234
2071,6213,2.134456,65503,17,49,520,3,234
2072,6214,2.171829,65502,17,49,519,3,234
2073,6215,2.121998,65503,17,49,516,3,234
2074,6216,2.159371,65502,17,49,519,3,234
2075,6217,2.151066,65502,17,49,505,3,234
2076,6218,2.113692,65502,17,49,511,3,234
2077,6219,2.130303,65503,17,49,509,3,234
2078,6220,2.121998,65502,17,49,507,3,234
2079,6222,2.130303,65503,17,49,515,3,234
2080,6223,2.121998,65503,17,49,507,3,234
2081,6224,2.117845,65503,17,49,518,3,234
2082,6225,2.171829,65503,17,49,515,3,234
2083,6226,2.117845,65503,17,49,519,3,234
2084,6227,2.121998,65502,17,49,519,3,234
2085,6228,2.171829,65503,17,49,505,3,234
2086,6229,2.163524,65503,17,49,518,3,234
2087,6231,2.138608,65503,17,49,519,3,234
2088,6232,2.167677,65503,17,49,509,3,234
2089,6233,2.113692,65503,17,49,518,3,234
2090,6235,2.121998,65503,17,49,518,3,234
2091,6236,2.163524,65503,17,49,509,3,234
2092,6239,2.130303,65503,17,49,517,3,234
2093,6240,2.138608,65503,17,49,518,3,234
2094,6241,2.151066,65503,17,49,505,3,234
2095,6242,2.163524,65502,17,49,505,3,234
2096,6243,2.146914,65503,17,49,505,3,234
2097,6244,2.130303,65503,17,49,519,3,234
2098,6245,2.113692,65503,17,49,504,3,234
2099,6247,2.146914,65502,17,49,511,3,234
2100,6248,2.155219,65502,17,49,506,3,234
2101,6249,2.155219,65502,17,49,517,3,234
2102,6250,2.138608,65502,17,49,505,3,234
2103,6251,2.130303,65503,17,49,518,3,234
2104,6252,2.167677,65502,17,49,517,3,234
2105,6254,2.155219,65503,17,49,516,3,234
2106,6255,2.142761,65502,17,50,504,3,234
2107,6257,2.159371,65503,17,50,516,3,234
2108,6258,2.167677,65503,17,50,505,3,234
2109,6259,2.126150,65502,17,50,517,3,234
2110,6260,2.134456,65502,17,50,517,3,234
2111,6261,2.167677,65503,17,50,509,3,234
2112,6263,2.167677,65502,17,50,510,3,234
2113,6264,2.159371,65503,17,50,517,3,234
2114,6265,2.142761,65504,17,50,509,3,234
2115,6267,2.121998,65503,17,50,516,3,234
2116,6268,2.151066,65503,17,50,515,3,234
2117,6269,2.167677,65503,17,50,504,3,234
2118,6270,2.155219,65503,17,50,511,3,234
2119,6272,2.151066,65504,17,50,505,3,234
2120,6273,2.163524,65503,17,50,504,3,234
2121,6274,2.126150,65503,17,50,517,3,234
2122,6276,2.146914,65503,17,50,509,3,234
2123,6279,2.155219,65502,17,50,507,3,234
2124,6280,2.167677,65503,17,50,510,3,234
2125,6281,2.134456,65503,17,50,511,3,234
2126,6282,2.163524,65503,17,50,508,3,234
2127,6283,2.167677,65503,17,50,512,3,234
2128,6284,2.109540,65504,17,50,506,3,234
2129,6285,2.151066,65502,17,50,508,3,234
2130,6286,2.171829,65503,17,50,518,3,234
2131,6288,2.163524,65503,17,50,506,3,234
2132,6289,2.171829,65503,17,50,504,3,234
2133,6290,2.134456,65503,17,50,505,3,234
2134,6292,2.163524,65504,17,50,515,3,234
2135,6293,2.126150,65504,17,50,503,3,234
2136,6294,2.138608,65504,17,50,518,3,234
2137,6295,2.171829,65504,17,50,518,3,234
2138,6297,2.151066,65504,17,50,507,3,234
2139,6298,2.163524,65504,17,50,517,3,234
2140,6299,2.109540,65504,17,50,505,3,234
2141,6300,2.159371,65503,17,50,505,3,234
2142,6301,2.142761,65504,17,50,504,3,234
2143,6302,2.113692,65504,17,50,507,3,234
2144,6304,2.109540,65504,17,50,505,3,234
2145,6305,2.155219,65504,17,50,517,3,234
2146,6306,2.146914,65503,17,50,518,3,234
2147,6307,2.113692,65503,17,50,512,3,234
2148,6308,2.146914,65503,17,50,515,3,234
2149,6310,2.138608,65503,16,49,504,3,234
2150,6311,2.155219,65504,16,49,506,3,234
2151,6313,2.117845,65503,16,49,508,3,234
2152,6314,2.163524,65503,16,49,505,3,234
2153,6315,2.171829,65504,16,49,508,3,234
2154,6316,2.159371,65503,16,49,514,3,234
2155,6317,2.138608,65504,16,49,506,3,234
2156,6318,2.117845,65503,16,49,506,3,234
2157,6319,2.134456,65503,16,49,504,3,234
2158,6320,2.151066,65503,16,49,506,3,234
2159,6322,2.159371,65503,16,49,518,3,234
2160,6323,2.109540,65504,16,49,505,3,234
2161,6324,2.109540,65502,16,49,510,3,234
2162,6325,2.121998,65503,16,50,510,3,234
2163,6326,2.109540,65503,16,50,506,3,234
2164,6327,2.163524,65503,16,50,504,3,234
2165,6329,2.163524,65503,16,50,515,3,234
2166,6330,2.167677,65504,16,50,503,3,234
2167,6331,2.117845,65503,16,50,503,3,234
2168,6332,2.151066,65504,16,50,516,3,234
2169,6333,2.146914,65504,16,50,504,3,234
2170,6334,2.138608,65503,16,50,503,3,234
2171,6335,2.109540,65503,16,50,506,3,234
2172,6336,2.167677,65504,16,50,516,3,234
2173,6338,2.151066,65504,16,50,518,3,234
2174,6339,2.126150,65504,16,50,518,3,234
2175,6340,2.151066,65504,16,50,504,3,234
2176,6341,2.121998,65504,16,50,514,3,234
2177,6343,2.163524,65504,16,50,503,3,234
2178,6344,2.163524,65504,16,50,511,3,234
2179,6345,2.130303,65504,16,50,505,3,234
2180,6347,2.109540,65503,16,50,518,3,234
2181,6349,2.155219,65504,16,50,509,3,234
2182,6350,2.155219,65504,16,50,511,3,234
2183,6351,2.159371,65504,16,50,507,3,234
2184,6352,2.167677,65504,16,50,516,3,234
2185,6354,2.167677,65503,16,50,510,3,234
2186,6355,2.138608,65504,16,50,509,3,234
2187,6357,2.105387,65504,16,50,512,3,234
2188,6358,2.146914,65504,16,50,512,3,234
2189,6359,2.109540,65504,16,50,503,3,234
2190,6360,2.146914,65504,16,50,512,3,234
2191,6361,2.163524,65505,16,50,505,3,234
2192,6363,2.113692,65504,16,50,511,3,234
2193,6364,2.138608,65504,16,50,516,3,234
2194,6370,2.163524,65502,16,50,509,3,234
2195,6372,2.167677,65503,16,50,509,3,234
2196,6373,2.130303,65503,16,50,515,3,234
2197,6374,2.126150,65504,16,50,515,3,234
2198,6375,2.134456,65504,16,50,510,3,234
2199,6376,2.113692,65503,16,50,518,3,234
2200,6380,2.163524,65504,16,50,513,3,234
2201,6384,2.167677,65503,16,50,505,3,234
2202,6390,2.163524,65503,16,50,510,3,234
2203,6393,2.113692,65503,16,50,515,3,234
2204,6395,2.121998,65503,16,50,507,3,234
2205,6396,2.117845,65503,16,50,504,3,234
2206,6399,2.146914,65503,16,50,514,3,234
2207,6401,2.155219,65502,16,50,516,3,234
2208,6402,2.163524,65503,16,50,514,3,234
2209,6404,2.159371,65503,16,50,516,3,234
2210,6405,2.159371,65503,16,50,515,3,234
2211,6406,2.151066,65503,16,50,509,3,234
2212,6407,2.142761,65503,16,50,516,3,234
2213,6408,2.113692,65502,16,50,504,3,234
2214,6409,2.151066,65503,16,50,514,3,234
2215,6410,2.159371,65503,16,50,517,3,234
2216,6411,2.159371,65502,16,50,513,3,234
2217,6413,2.117845,65503,16,50,509,3,234
2218,6414,2.159371,65502,16,50,514,3,234
2219,6416,2.109540,65503,16,50,505,3,234
2220,6417,2.151066,65502,16,50,514,3,234
2221,6418,2.105387,65503,16,50,515,3,234
2222,6425,2.105387,65503,16,50,508,3,234
2223,6426,2.159371,65503,16,50,513,3,234
2224,6427,2.134456,65503,16,50,510,3,234
2225,6429,2.163524,65503,16,50,517,3,234
2226,6430,2.138608,65503,16,50,517,3,234
2227,6434,2.163524,65502,16,50,503,3,234
2228,6439,2.134456,65503,16,50,515,3,234
2229,6443,2.142761,65503,16,50,503,3,234
2230,6448,2.155219,65503,16,50,516,3,234
2231,6450,2.126150,65503,16,50,513,3,234
2232,6456,2.146914,65503,16,50,503,3,234
2233,6457,2.101235,65502,16,50,504,3,234
2234,6458,2.155219,65502,16,50,513,3,234
2235,6459,2.117845,65502,16,50,512,3,234
2236,6460,2.113692,65502,16,50,506,3,234
2237,6461,2.142761,65502,16,50,509,3,234
2238,6463,2.138608,65503,16,50,515,3,234
2239,6466,2.142761,65503,16,50,515,3,234
2240,6467,2.155219,65504,16,50,503,3,234
2241,6468,2.155219,65503,16,50,516,3,234
2242,6470,2.155219,65503,16,50,516,3,234
2243,6471,2.159371,65503,16,50,515,3,234
2244,6472,2.159371,65503,16,50,508,3,234
2245,6473,2.163524,65503,16,50,507,3,234
2246,6474,2.121998,65503,16,50,504,3,234
2247,6475,2.117845,65503,16,50,516,3,234
2248,6477,2.142761,65502,16,50,515,3,234
